title,description,datePublished,citation,keywords
aaoarx1,NA,NA,"Haridas S et al.,2020",NA
abobie2,NA,NA,"Hage H et al.,2021",NA
absgla1,NA,NA,2016/04/11,NA
absrep1,NA,NA,"Mondo SJ et al.,2017",NA
acaing1,NA,NA,"Kijpornyongpan T et al.,2018",NA
acastr1,NA,NA,"McDonald TR et al.,2013",NA
acemac1,NA,NA,"Miyauchi S et al.,2020",NA
aciric2,NA,NA,"Mosier AC et al.,N/D",NA
acisp.1,NA,NA,2016/02/24,NA
acrchr1,NA,NA,"Terfehr D et al.,2014",NA
actamb1,NA,NA,2020/12/16,NA
actamb2,NA,NA,2020/11/16,NA
actamb3,NA,NA,2020/12/08,NA
actwol1,NA,NA,2020/12/16,NA
actwol2,NA,NA,2020/12/16,NA
agabis1,NA,NA,2020/10/02,NA
agabis2,NA,NA,2012/10/01,NA
agabis3,NA,NA,"Morin_E_et_al.,2012",NA
agraeg1,NA,NA,2020/01/18,NA
agrped1,NA,NA,"Ruiz-Dueñas FJ et al.,2020",NA
akalec1,NA,NA,2016/05/04,NA
akalec2,NA,NA,2016/05/27,NA
alefal1,NA,NA,2021/03/19,NA
altalt4,NA,NA,"Mesny F et al.,2021",NA
altalt5,NA,NA,"Zeiner CA et al.,N/D",NA
altatr1,NA,NA,2021/05/11,NA
altbur1,NA,NA,2020/05/11,NA
altpan1,NA,NA,2021/08/20,NA
altros1,NA,NA,"Mesny F et al.,2021",NA
altsp.4,NA,NA,2018/09/18,NA
amabis1,NA,NA,1,NA
amabru1,NA,NA,1,NA
amacit2,NA,NA,1,NA
amaino1,NA,NA,1,NA
amajac1,NA,NA,1,NA
amamus4,NA,NA,1,NA
amamus5,NA,NA,1,NA
amamus6,NA,NA,1,NA
amapha1,NA,NA,1,NA
amapol1,NA,NA,1,NA
amapse1,NA,NA,1,NA
amareg1,NA,NA,1,NA
amarub1,NA,NA,"Miyauchi S et al.,2020",NA
amathi1,NA,NA,"Hess J et al.,2014~Chaib De Mares M et al.,2015",NA
ambphi1,NA,NA,"Krassowski T et al.,2018",NA
amnlig1,NA,NA,"Haridas S et al.,2020",NA
amores1,NA,NA,2018/03/27,NA
ampqui1,NA,NA,"Haridas S et al.,2020",NA
ampsp.1,NA,NA,"Mikhailov KV et al.,2017",NA
ampsp.2,NA,NA,1,NA
ampsp.3,NA,NA,1,NA
amycha1,NA,NA,"Looney B et al.,2021",NA
amyenc1,NA,NA,"Hagestad OC et al.,2021",NA
amylap1,NA,NA,"Hage H et al.,2021",NA
anarob1,NA,NA,"Haitjema CH et al.,2017~Mondo SJ et al.,2017",NA
annalg1,NA,NA,2013/04/30,NA
annalg2,NA,NA,2013/04/30,NA
annbov1,NA,NA,"Franco MEE et al.,2021",NA
annmae1,NA,NA,"Franco MEE et al.,2021",NA
annmin1,NA,NA,"Franco MEE et al.,2021",NA
annmor1,NA,NA,"Franco MEE et al.,2021",NA
annnit1,NA,NA,"Franco MEE et al.,2021",NA
annsty1,NA,NA,"Franco MEE et al.,2021",NA
anntru1,NA,NA,"Franco MEE et al.,2021",NA
antflo1,NA,NA,2013/06/27,NA
antflo2,NA,NA,2019/08/23,NA
antloc1,NA,NA,"Slamovits CH et al.,2004~Corradi N et al.,2007",NA
antser1,NA,NA,"Hage H et al.,2021",NA
apipor1,NA,NA,2018/12/12,NA
aplpru1,NA,NA,"Haridas S et al.,2020",NA
apooss1,NA,NA,2020/10/02,NA
aposp.1,NA,NA,2020/12/16,NA
aposp.2,NA,NA,2020/12/16,NA
aposp.3,NA,NA,2020/12/16,NA
armcep1,NA,NA,"Sipos G et al.,2017",NA
armgal1,NA,NA,"Sipos G et al.,2017",NA
armmel2,NA,NA,"Collins C et al.,2013",NA
armost1,NA,NA,"Sipos G et al.,2017",NA
armsol1,NA,NA,"Sipos G et al.,2017",NA
artben1,NA,NA,"Burmester A et al.,N/D",NA
artele1,NA,NA,"Hage H et al.,2021",NA
artent1,NA,NA,2020/04/08,NA
artfla1,NA,NA,2019/01/08,NA
artmat1,NA,NA,2021/06/11,NA
artoli1,NA,NA,"Yang J et al.,2011",NA
artunc1,NA,NA,2020/03/24,NA
ascapi1,NA,NA,"Shang Y et al.,2016",NA
ascimm1,NA,NA,"Murat C et al.,2018",NA
asclen1,NA,NA,2019/01/11,NA
ascnig1,NA,NA,"Lütkenhaus R et al.,2019",NA
ascrab1,NA,NA,"Verma S et al.,2016",NA
ascrub1,NA,NA,"Riley R et al.,2016",NA
ascrub2,NA,NA,2016/06/10,NA
ascsar1,NA,NA,"Gianoulis TA et al.,N/D",NA
aspacu1,NA,NA,"Vesth TC et al.,2018",NA
aspacu2,NA,NA,2016/12/07,NA
aspalb1,NA,NA,"Kjærbølling I et al.,2020",NA
aspall1,NA,NA,"Kjærbølling I et al.,2020",NA
aspara1,NA,NA,"Kjærbølling I et al.,2020",NA
aspave1,NA,NA,"Kjærbølling I et al.,2020",NA
aspawa1,NA,NA,2018/10/13,NA
aspber1,NA,NA,"Kjærbølling I et al.,2020",NA
aspber2,NA,NA,2019/10/18,NA
aspbom1,NA,NA,"Moore GG et al.,2016",NA
aspbra1,NA,NA,2016/12/06,NA
aspbru1,NA,NA,"Vesth TC et al.,2018",NA
aspbur1,NA,NA,2020/07/17,NA
aspcae1,NA,NA,"Kjærbølling I et al.,2020",NA
aspcal2,NA,NA,"Horn F et al.,2016",NA
aspcam1,NA,NA,"Kjærbølling I et al.,2018",NA
aspcan2,NA,NA,"Kjærbølling I et al.,2018",NA
aspcla2,NA,NA,"Arnaud MB et al.,2012",NA
aspcla3,NA,NA,2005/09/09,NA
aspcor2,NA,NA,"Kjærbølling I et al.,2020",NA
aspcos2,NA,NA,"Vesth TC et al.,2018",NA
aspcri1,NA,NA,"Ge Y et al.,2016",NA
aspell1,NA,NA,"Vesth TC et al.,2018",NA
aspeuc1,NA,NA,"Vesth TC et al.,2018",NA
aspfel1,NA,NA,2020/08/24,NA
aspfel2,NA,NA,2020/08/24,NA
aspfij1,NA,NA,"Vesth TC et al.,2018",NA
aspfis1,NA,NA,2005/09/09,NA
aspfis2,NA,NA,2021/01/25,NA
aspfla4,NA,NA,2015/03/13,NA
aspfla5,NA,NA,"Arnaud MB et al.,2012",NA
aspfum3,NA,NA,"Nierman WC et al.,2005",NA
aspfum4,NA,NA,2015/06/17,NA
aspfum5,NA,NA,2005/06/01,NA
aspfum6,NA,NA,2007/06/26,NA
aspfum7,NA,NA,2014/07/18,NA
aspgla1,NA,NA,2016/12/07,NA
asphan1,NA,NA,2016/07/29,NA
asphet2,NA,NA,"Vesth TC et al.,2018",NA
asphom1,NA,NA,"Vesth TC et al.,2018",NA
aspibe1,NA,NA,"Vesth TC et al.,2018",NA
aspind2,NA,NA,"Vesth TC et al.,2018",NA
aspjap1,NA,NA,"Vesth TC et al.,2018",NA
aspkaw1,NA,NA,"Futagami T et al.,2011",NA
asplep1,NA,NA,"Kjærbølling I et al.,2020",NA
aspluc2,NA,NA,"de Vries RP et al.,2017",NA
aspluc3,NA,NA,2011/10/27,NA
aspmin1,NA,NA,"Kjærbølling I et al.,2020",NA
aspmul3,NA,NA,2018/08/10,NA
aspnan1,NA,NA,2020/12/08,NA
aspneo7,NA,NA,"Vesth TC et al.,2018",NA
aspnid1,NA,NA,2009/09/24,NA
aspnig2,NA,NA,"Vesth TC et al.,2018",NA
aspnig3,NA,NA,"Vesth TC et al.,2018",NA
aspnig4,NA,NA,"Vesth TC et al.,2018~Aguilar-Pontes MV et al.,2018",NA
aspnig5,NA,NA,"Andersen MR et al.,2011",NA
aspnig6,NA,NA,"Pel HJ et al.,2007",NA
aspnig7,NA,NA,"Vesth TC et al.,2018",NA
aspnig8,NA,NA,2018/07/27,NA
aspnig9,NA,NA,2018/06/04,NA
aspnom1,NA,NA,"Kjærbølling I et al.,2020",NA
aspnom2,NA,NA,"Moore GG et al.,2015",NA
aspnom3,NA,NA,2015/08/04,NA
aspnov1,NA,NA,"Kjærbølling I et al.,2020",NA
aspnov2,NA,NA,"Kjærbølling I et al.,2018",NA
aspoch1,NA,NA,"Kjærbølling I et al.,2018",NA
aspoch2,NA,NA,"Moore GG et al.,2015",NA
aspory1,NA,NA,"Arnaud MB et al.,2012~Machida M et al.,2005",NA
aspory2,NA,NA,2012/06/18,NA
aspory3,NA,NA,2014/05/16,NA
asppar1,NA,NA,"Kjærbølling I et al.,2020",NA
asppar4,NA,NA,"Kjærbølling I et al.,2020",NA
asppar5,NA,NA,2015/03/18,NA
asppho1,NA,NA,2018/07/27,NA
asppip1,NA,NA,"Vesth TC et al.,2018",NA
asppse10,NA,NA,2019/10/18,NA
asppse11,NA,NA,"Deng S et al.,2020",NA
asppse6,NA,NA,"Kjærbølling I et al.,2020",NA
asppse7,NA,NA,"Kjærbølling I et al.,2020",NA
asppse8,NA,NA,"Kjærbølling I et al.,2020",NA
asppse9,NA,NA,2019/10/18,NA
aspram2,NA,NA,"Moore GG et al.,2015",NA
asprub1,NA,NA,2014/03/25,NA
aspsac1,NA,NA,"Vesth TC et al.,2018",NA
aspscl2,NA,NA,"Vesth TC et al.,2018",NA
aspscl3,NA,NA,"Vesth TC et al.,2018",NA
aspscl4,NA,NA,2018/09/21,NA
aspser1,NA,NA,"Kjærbølling I et al.,2020",NA
aspsp.1,NA,NA,2018/10/30,NA
aspste3,NA,NA,"Kjærbølling I et al.,2018",NA
aspsyd1,NA,NA,"de Vries RP et al.,2017",NA
asptai1,NA,NA,"Kjærbølling I et al.,2018",NA
asptam1,NA,NA,"Kjærbølling I et al.,2020",NA
aspter1,NA,NA,"Arnaud MB et al.,2012",NA
asptra2,NA,NA,"Kjærbølling I et al.,2020",NA
asptub1,NA,NA,2016/12/07,NA
aspuda1,NA,NA,"Kusuya Y et al.,2015",NA
aspust1,NA,NA,2014/12/31,NA
aspuva1,NA,NA,"Vesth TC et al.,2018",NA
aspvad1,NA,NA,"Vesth TC et al.,2018",NA
aspver1,NA,NA,2016/12/06,NA
aspvio1,NA,NA,"Vesth TC et al.,2018",NA
aspwel1,NA,NA,"Vesth TC et al.,2018",NA
aspwen1,NA,NA,2016/12/07,NA
aspzon1,NA,NA,"de Vries RP et al.,2017",NA
astodo1,NA,NA,2021/01/12,NA
astpar1,NA,NA,2021/05/05,NA
astsub1,NA,NA,"Franco MEE et al.,2021",NA
athara1,NA,NA,1,NA
athara2,NA,NA,1,NA
athdec1,NA,NA,1,NA
athepi1,NA,NA,1,NA
athter1,NA,NA,1,NA
athter2,NA,NA,1,NA
aulhed1,NA,NA,2020/01/29,NA
auramp1,NA,NA,"Almási É et al.,2019",NA
aurmel1,NA,NA,2014/07/02,NA
aurmus1,NA,NA,2020/10/10,NA
aurnam1,NA,NA,2014/07/02,NA
aurpul1,NA,NA,"Rueda-Mejia MP et al.,2021",NA
aurpul2,NA,NA,"Gostin?ar C et al.,2014",NA
aurpul3,NA,NA,"Gostin?ar C et al.,2014",NA
aurpul4,NA,NA,"Gostin?ar C et al.,2014",NA
aurpul5,NA,NA,"Gostin?ar C et al.,2014",NA
aurpul6,NA,NA,2014/07/02,NA
aursp.1,NA,NA,2021/09/10,NA
aursp.2,NA,NA,2021/11/04,NA
aursub2,NA,NA,2014/07/02,NA
aursub3,NA,NA,2012/06/04,NA
auruva1,NA,NA,2020/10/10,NA
aurvin1,NA,NA,2020/10/10,NA
aurvul1,NA,NA,"Looney B et al.,2021",NA
auspsi1,NA,NA,2013/09/19,NA
babino1,NA,NA,"Riley R et al.,2016",NA
bacgig1,NA,NA,2021/08/06,NA
basmer1,NA,NA,"Mondo SJ et al.,2017",NA
batden1,NA,NA,2011/04/07,NA
batden2,NA,NA,2006/10/20,NA
batsal1,NA,NA,"Farrer RA et al.,2017",NA
baucom1,NA,NA,"Ohm RA et al.,N/D",NA
baupan1,NA,NA,2013/02/08,NA
beabas1,NA,NA,"Xiao G et al.,N/D",NA
beabas2,NA,NA,2014/11/03,NA
beabro1,NA,NA,"Shang Y et al.,2016",NA
bifade1,NA,NA,"Torres-Cruz TJ et al.,2017",NA
bimnov1,NA,NA,"Haridas S et al.,2020",NA
bipmay1,NA,NA,2013/04/06,NA
bipmay2,NA,NA,2013/02/08,NA
bipory1,NA,NA,2014/01/24,NA
bipsor1,NA,NA,2013/02/08,NA
bipsor2,NA,NA,2020/07/16,NA
bipzei1,NA,NA,2014/01/24,NA
bismar1,NA,NA,"Franco MEE et al.,2021",NA
bismed1,NA,NA,"Franco MEE et al.,2021",NA
bismed2,NA,NA,"Franco MEE et al.,2021",NA
bissp.1,NA,NA,"Franco MEE et al.,2021",NA
bjeadu1,NA,NA,"Binder M et al.,2013",NA
blaar.1,NA,NA,"Kunze G et al.,N/D",NA
blader2,NA,NA,"Muñoz JF et al.,2015",NA
blader3,NA,NA,"Muñoz JF et al.,2015",NA
blader4,NA,NA,2010/03/24,NA
blader5,NA,NA,2010/11/05,NA
blagil1,NA,NA,2009/02/19,NA
blapar1,NA,NA,2017/10/17,NA
blaper1,NA,NA,"Dukik K et al.,2017",NA
blasil1,NA,NA,2015/05/28,NA
blazon1,NA,NA,2021/06/11,NA
blugra3,NA,NA,"Frantzeskakis L et al.,2018",NA
blugra4,NA,NA,"Frantzeskakis L et al.,2018",NA
blugra5,NA,NA,"Müller MC et al.,2019",NA
blugra6,NA,NA,2019/01/30,NA
blugra7,NA,NA,2018/09/14,NA
blugra9,NA,NA,2021/06/14,NA
bluhor1,NA,NA,2013/04/18,NA
blyhel1,NA,NA,"Ahrendt SR et al.,2018",NA
boeexi1,NA,NA,"Mesny F et al.,2021",NA
boledu1,NA,NA,"Miyauchi S et al.,2020",NA
boledu2,NA,NA,"Miyauchi S et al.,2020",NA
bolret1,NA,NA,2021/05/18,NA
bonmes1,NA,NA,2019/04/22,NA
botacl1,NA,NA,2020/10/20,NA
botbot1,NA,NA,2014/06/03,NA
botbys1,NA,NA,2020/10/20,NA
botcal1,NA,NA,2019/03/26,NA
botcin3,NA,NA,"Amselem J et al.,2011",NA
botcin4,NA,NA,2015/02/05,NA
botcin5,NA,NA,2013/03/28,NA
botcon1,NA,NA,2019/04/12,NA
botdew1,NA,NA,2020/10/20,NA
botdot1,NA,NA,"Marsberg A et al.,2017",NA
botell1,NA,NA,2020/10/20,NA
botell2,NA,NA,2019/04/12,NA
botfra1,NA,NA,2020/07/22,NA
botgal1,NA,NA,2019/04/25,NA
botglo1,NA,NA,2020/10/20,NA
bothya1,NA,NA,2019/04/12,NA
botnar1,NA,NA,2019/04/12,NA
botpae1,NA,NA,2019/04/12,NA
botpor1,NA,NA,2020/10/20,NA
botpor2,NA,NA,2019/04/12,NA
botsin1,NA,NA,2020/10/20,NA
botsqu1,NA,NA,2020/10/20,NA
bottul1,NA,NA,2019/04/12,NA
brebru10,NA,NA,2020/10/21,NA
brebru2,NA,NA,2020/02/26,NA
brebru3,NA,NA,2020/08/03,NA
brebru5,NA,NA,2012/04/27,NA
brebru6,NA,NA,2018/07/30,NA
brenaa1,NA,NA,2019/01/30,NA
brenan1,NA,NA,2020/11/16,NA
butros1,NA,NA,2021/07/27,NA
byscir1,NA,NA,"Haridas S et al.,2020",NA
bysspe1,NA,NA,"Oka T et al.,2014",NA
cadmal1,NA,NA,2021/03/16,NA
cadsp.1,NA,NA,"Knapp DG et al.,2018",NA
cadsp.2,NA,NA,2021/03/16,NA
caechu1,NA,NA,"Brown JL et al.,2021",NA
calcor1,NA,NA,2016/04/26,NA
calmar1,NA,NA,"Hagestad OC et al.,2021",NA
calvis1,NA,NA,2016/04/23,NA
camtin1,NA,NA,"Franco MEE et al.,2021",NA
canafr1,NA,NA,2021/07/27,NA
canalb10,NA,NA,2014/11/10,NA
canalb11,NA,NA,2014/11/05,NA
canalb12,NA,NA,2014/11/10,NA
canalb13,NA,NA,2014/11/05,NA
canalb14,NA,NA,2014/11/10,NA
canalb15,NA,NA,2014/11/17,NA
canalb16,NA,NA,2014/11/17,NA
canalb17,NA,NA,2014/11/05,NA
canalb18,NA,NA,2014/11/17,NA
canalb19,NA,NA,2014/11/17,NA
canalb2,NA,NA,2006/03/28,NA
canalb20,NA,NA,2014/11/05,NA
canalb21,NA,NA,2014/11/17,NA
canalb22,NA,NA,2014/11/05,NA
canalb23,NA,NA,2014/11/05,NA
canalb24,NA,NA,2014/11/10,NA
canalb25,NA,NA,2014/11/10,NA
canalb26,NA,NA,2014/11/17,NA
canalb27,NA,NA,2014/05/15,NA
canalb28,NA,NA,2016/10/12,NA
canalb3,NA,NA,2020/08/03,NA
canalb4,NA,NA,2014/11/10,NA
canalb7,NA,NA,2014/11/10,NA
canalb8,NA,NA,2014/11/17,NA
canalb9,NA,NA,2014/11/17,NA
cananz1,NA,NA,"Miyauchi S et al.,2020",NA
canara1,NA,NA,"Riley R et al.,2016",NA
canaur1,NA,NA,2017/11/15,NA
canaur2,NA,NA,2019/09/04,NA
canaur3,NA,NA,2021/02/05,NA
canaur4,NA,NA,2019/09/05,NA
canaur5,NA,NA,2019/07/10,NA
canaur6,NA,NA,2017/11/07,NA
canaur7,NA,NA,2018/03/23,NA
canaur8,NA,NA,2015/07/30,NA
canboi1,NA,NA,"Krassowski T et al.,2018",NA
cancal1,NA,NA,2021/01/08,NA
cancal2,NA,NA,2021/01/08,NA
candub1,NA,NA,"Jackson AP et al.,2009",NA
canduo1,NA,NA,2018/02/13,NA
cangla1,NA,NA,2004/06/30,NA
cangla10,NA,NA,2015/12/15,NA
cangla11,NA,NA,2017/10/25,NA
cangla12,NA,NA,2017/10/25,NA
cangla13,NA,NA,2015/12/15,NA
cangla2,NA,NA,2020/08/17,NA
cangla3,NA,NA,2020/02/03,NA
cangla4,NA,NA,2017/07/13,NA
cangla5,NA,NA,2017/07/13,NA
cangla6,NA,NA,2015/12/15,NA
cangla7,NA,NA,2015/12/15,NA
cangla8,NA,NA,2015/12/15,NA
cangla9,NA,NA,2015/12/15,NA
canhae1,NA,NA,2018/02/13,NA
canhae2,NA,NA,2020/04/08,NA
canhae3,NA,NA,2020/04/08,NA
caninc1,NA,NA,2019/04/29,NA
canint1,NA,NA,2016/11/25,NA
canint2,NA,NA,2016/11/25,NA
canmal1,NA,NA,2013/03/06,NA
canmet1,NA,NA,2021/04/01,NA
canort1,NA,NA,"Riccombeni A et al.,N/D",NA
canpar1,NA,NA,"Butler G et al.,2009",NA
canpse1,NA,NA,2018/03/22,NA
cansub1,NA,NA,2021/07/13,NA
cantan1,NA,NA,"Riley R et al.,2016",NA
cantro1,NA,NA,"Guin K et al.,2020",NA
canvis1,NA,NA,2018/07/18,NA
capcor1,NA,NA,"Teixeira MM et al.,2017",NA
capepi1,NA,NA,"Teixeira MM et al.,2017",NA
capsem1,NA,NA,"Teixeira MM et al.,2017",NA
catang1,NA,NA,"Mondo SJ et al.,2017",NA
caupro1,NA,NA,"Ahrendt SR et al.,2018",NA
caupro2,NA,NA,"Ahrendt SR et al.,2018",NA
cengeo1,NA,NA,"Peter M et al.,2016",NA
cerber1,NA,NA,"de Jonge R et al.,2018",NA
cerbet1,NA,NA,2017/11/02,NA
cerbom1,NA,NA,"Sharma R et al.,2015",NA
cerfim1,NA,NA,2013/05/06,NA
cergua1,NA,NA,"Kijpornyongpan T et al.,2018",NA
cerkik1,NA,NA,2021/07/08,NA
cerpla1,NA,NA,2015/04/23,NA
cersp.10,NA,NA,2021/02/18,NA
cersp.13,NA,NA,2021/08/18,NA
cersp.14,NA,NA,2021/08/18,NA
cersp.15,NA,NA,2021/08/18,NA
cersp.16,NA,NA,2021/08/16,NA
cersp.17,NA,NA,2021/08/16,NA
cersp.4,NA,NA,"Miyauchi S et al.,2020",NA
cersp.8,NA,NA,2020/10/27,NA
certhe1,NA,NA,2019/10/15,NA
cerzea1,NA,NA,2020/01/31,NA
cerzei1,NA,NA,2017/12/19,NA
chafun1,NA,NA,"Mesny F et al.,2021",NA
chaglo1,NA,NA,"Mesny F et al.,2021",NA
chaglo2,NA,NA,2005/03/14,NA
chalon1,NA,NA,"Barbi F et al.,2020",NA
chasp.2,NA,NA,"Mesny F et al.,2021",NA
chasp.4,NA,NA,2018/10/29,NA
chasp.5,NA,NA,2018/11/02,NA
chasp.6,NA,NA,2018/11/02,NA
chasp.7,NA,NA,2018/11/02,NA
chasp.8,NA,NA,2021/10/29,NA
chathe1,NA,NA,"Amlacher S et al.,2011~Bock T et al.,2014",NA
chivir1,NA,NA,2021/08/27,NA
chlaer1,NA,NA,2017/08/29,NA
choven1,NA,NA,"Murat C et al.,2018",NA
chycon1,NA,NA,2019/07/01,NA
citmat1,NA,NA,"Krassowski T et al.,2018",NA
claaff1,NA,NA,2021/05/14,NA
claaff2,NA,NA,2021/05/14,NA
claafr1,NA,NA,2021/05/14,NA
claaqu1,NA,NA,"Heeger F et al.,2021",NA
claaru1,NA,NA,2021/05/14,NA
claaru2,NA,NA,2021/05/14,NA
claban1,NA,NA,"Teixeira MM et al.,2017",NA
clacap1,NA,NA,2021/05/14,NA
clacar1,NA,NA,"Teixeira MM et al.,2017",NA
clacit1,NA,NA,2021/05/14,NA
clacyp1,NA,NA,2021/05/14,NA
cladig1,NA,NA,2021/05/14,NA
claely1,NA,NA,"Haridas S et al.,2020",NA
claful1,NA,NA,"de Wit PJ et al.,N/D~Ohm RA et al.,N/D",NA
clagra1,NA,NA,"Armaleo D et al.,2019",NA
clahum1,NA,NA,2021/05/14,NA
claimm1,NA,NA,"Teixeira MM et al.,2017",NA
clalov1,NA,NA,2021/05/14,NA
clalus2,NA,NA,"Butler G et al.,2009",NA
clamax1,NA,NA,2021/05/14,NA
clamon1,NA,NA,2021/05/14,NA
clapaz1,NA,NA,2021/05/14,NA
clapsa1,NA,NA,"Teixeira MM et al.,2017",NA
clapur1,NA,NA,"Schardl CL et al.,N/D",NA
clapus1,NA,NA,2021/05/14,NA
clapyx1,NA,NA,"Looney B et al.,2021",NA
clasor1,NA,NA,2021/05/14,NA
clasp.1,NA,NA,2020/10/28,NA
clasp.10,NA,NA,2021/05/14,NA
clasp.11,NA,NA,2021/05/14,NA
clasp.2,NA,NA,2021/05/14,NA
clasp.3,NA,NA,2021/05/14,NA
clasp.4,NA,NA,2021/05/14,NA
clasp.5,NA,NA,2021/05/14,NA
clasp.6,NA,NA,2021/05/14,NA
clasp.7,NA,NA,2021/05/14,NA
clasp.8,NA,NA,2021/05/14,NA
clasp.9,NA,NA,2021/05/14,NA
claspa1,NA,NA,2021/05/14,NA
clasph1,NA,NA,"Ng KP et al.,2012",NA
clayeg1,NA,NA,"Teixeira MM et al.,2017",NA
cligib1,NA,NA,"Ruiz-Dueñas FJ et al.,2020",NA
cloaqu1,NA,NA,"Mondo SJ et al.,2017",NA
clobys1,NA,NA,2021/01/25,NA
clorhi1,NA,NA,2021/01/25,NA
closol1,NA,NA,2021/01/25,NA
coccar1,NA,NA,"Condon BJ et al.,N/D",NA
cocimm1,NA,NA,"Sharpton TJ et al.,2009",NA
cocimm2,NA,NA,2007/07/12,NA
cocimm3,NA,NA,2006/09/22,NA
cocimm4,NA,NA,2006/11/02,NA
coclun1,NA,NA,"Condon BJ et al.,N/D",NA
cocmiy1,NA,NA,"Condon BJ et al.,N/D",NA
cocpos2,NA,NA,"Sharpton TJ et al.,2009",NA
cocpos3,NA,NA,"Neafsey DE et al.,2010",NA
cocpos4,NA,NA,2007/05/31,NA
cocpos5,NA,NA,2007/07/12,NA
cocsat1,NA,NA,"Ohm RA et al.,N/D~Condon BJ et al.,N/D",NA
cocvic1,NA,NA,"Condon BJ et al.,N/D",NA
coerev1,NA,NA,"Chang Y et al.,2015",NA
colaen1,NA,NA,2020/07/06,NA
colasi1,NA,NA,2019/12/27,NA
colcam1,NA,NA,2020/04/03,NA
colchl1,NA,NA,"Gan P et al.,2017",NA
colcra1,NA,NA,2018/08/10,NA
colcyl1,NA,NA,2018/08/10,NA
colfio1,NA,NA,"Baroncelli R et al.,2014",NA
colfru1,NA,NA,2019/12/18,NA
colfru2,NA,NA,2012/12/12,NA
colfru3,NA,NA,2020/07/06,NA
colfru4,NA,NA,2020/04/29,NA
colfru5,NA,NA,2020/06/01,NA
colfru6,NA,NA,2020/06/01,NA
colfru7,NA,NA,2020/06/01,NA
colglo1,NA,NA,"Alkan N et al.,2013",NA
colgra1,NA,NA,"O'Connell RJ et al.,2012",NA
colhig1,NA,NA,"Zampounis A et al.,2016~O'Connell RJ et al.,2012",NA
colinc1,NA,NA,"Gan P et al.,2016",NA
colkar1,NA,NA,2020/04/03,NA
colmus1,NA,NA,2020/08/18,NA
colnym1,NA,NA,"Baroncelli R et al.,2016",NA
colorb1,NA,NA,"Gan P et al.,2013",NA
colorb2,NA,NA,2013/04/01,NA
colorc1,NA,NA,"Baroncelli R et al.,2018",NA
colplu1,NA,NA,2020/08/18,NA
colsal1,NA,NA,"Baroncelli R et al.,2016",NA
colsco1,NA,NA,2020/03/09,NA
colshi1,NA,NA,2019/07/09,NA
colsia1,NA,NA,2020/07/06,NA
colsia2,NA,NA,2020/06/01,NA
colsia3,NA,NA,2020/06/01,NA
colsia4,NA,NA,2020/06/01,NA
colsia5,NA,NA,2020/06/01,NA
colsid1,NA,NA,2019/03/22,NA
colsim1,NA,NA,"Baroncelli R et al.,2016",NA
colsoj1,NA,NA,2020/08/18,NA
colspi1,NA,NA,2019/03/22,NA
colsub1,NA,NA,"Baroncelli R et al.,2014",NA
coltan1,NA,NA,2019/05/14,NA
coltof2,NA,NA,"Hacquard S et al.,2016",NA
coltri1,NA,NA,2019/03/22,NA
coltro1,NA,NA,2020/06/01,NA
coltru1,NA,NA,2020/08/18,NA
colvin1,NA,NA,2020/06/01,NA
conapo1,NA,NA,"Teixeira MM et al.,2017",NA
concor1,NA,NA,"Chang Y et al.,2015",NA
conlig1,NA,NA,"Jiménez DJ et al.,2017",NA
conoli1,NA,NA,"Castanera R et al.,2017",NA
conpul1,NA,NA,2018/10/11,NA
conput1,NA,NA,2012/06/21,NA
consp.1,NA,NA,"Mondo SJ et al.,N/D",NA
copang1,NA,NA,"Steindorff AS et al.,2021",NA
copcin1,NA,NA,"Muraguchi H et al.,N/D",NA
copcin2,NA,NA,2003/07/30,NA
copmar1,NA,NA,"Varga T et al.,2019",NA
copmic1,NA,NA,"Varga T et al.,2019",NA
copsp.1,NA,NA,"Mesny F et al.,2021",NA
corcas1,NA,NA,"Lopez D et al.,N/D",NA
corcas2,NA,NA,2018/03/26,NA
corfum1,NA,NA,2016/05/04,NA
corgla1,NA,NA,"Miyauchi S et al.,2020",NA
corjav1,NA,NA,2019/07/15,NA
corjav2,NA,NA,2019/07/15,NA
cormil1,NA,NA,"Zheng P et al.,2011",NA
corsp.1,NA,NA,"de Bekker C et al.,2017",NA
crafun1,NA,NA,"Steindorff AS et al.,2021",NA
crevar1,NA,NA,"Ruiz-Dueñas FJ et al.,2020",NA
croque1,NA,NA,"Pendleton AL et al.,N/D",NA
crulae1,NA,NA,"Varga T et al.,2019",NA
cryamy1,NA,NA,"Sun S et al.,2017",NA
cryamy2,NA,NA,2016/09/06,NA
crycf.1,NA,NA,2019/11/12,NA
crycur1,NA,NA,"Close D et al.,2016",NA
crydep1,NA,NA,2016/09/06,NA
crydep2,NA,NA,2016/09/06,NA
cryflo1,NA,NA,2019/08/27,NA
crygat10,NA,NA,2015/02/10,NA
crygat11,NA,NA,2015/02/10,NA
crygat12,NA,NA,2015/02/10,NA
crygat13,NA,NA,2015/02/10,NA
crygat14,NA,NA,2015/02/10,NA
crygat15,NA,NA,2015/02/10,NA
crygat16,NA,NA,2015/02/10,NA
crygat17,NA,NA,2015/02/10,NA
crygat2,NA,NA,"Farrer RA et al.,2015",NA
crygat3,NA,NA,"Farrer RA et al.,2015",NA
crygat4,NA,NA,"Farrer RA et al.,2015",NA
crygat5,NA,NA,"D'Souza CA et al.,N/D",NA
crygat6,NA,NA,2018/02/27,NA
crygat7,NA,NA,2015/02/10,NA
crygat8,NA,NA,2015/02/10,NA
crygat9,NA,NA,2015/02/10,NA
crymin1,NA,NA,2019/05/02,NA
cryneo1,NA,NA,"Loftus BJ et al.,2005",NA
cryneo10,NA,NA,2017/07/20,NA
cryneo11,NA,NA,2017/07/20,NA
cryneo12,NA,NA,2017/07/20,NA
cryneo13,NA,NA,2017/07/20,NA
cryneo14,NA,NA,2017/07/20,NA
cryneo15,NA,NA,2017/07/20,NA
cryneo16,NA,NA,2017/07/20,NA
cryneo17,NA,NA,2017/07/20,NA
cryneo18,NA,NA,2017/07/20,NA
cryneo19,NA,NA,2017/07/20,NA
cryneo2,NA,NA,2017/07/12,NA
cryneo20,NA,NA,2017/07/20,NA
cryneo21,NA,NA,2017/07/20,NA
cryneo22,NA,NA,2017/07/20,NA
cryneo23,NA,NA,2017/07/20,NA
cryneo24,NA,NA,2017/07/20,NA
cryneo25,NA,NA,2017/07/20,NA
cryneo26,NA,NA,2017/07/20,NA
cryneo27,NA,NA,2017/07/20,NA
cryneo28,NA,NA,2017/07/20,NA
cryneo29,NA,NA,2017/07/17,NA
cryneo3,NA,NA,2017/07/27,NA
cryneo30,NA,NA,2017/07/17,NA
cryneo31,NA,NA,2017/07/17,NA
cryneo32,NA,NA,2017/07/13,NA
cryneo33,NA,NA,2017/07/07,NA
cryneo34,NA,NA,2017/07/07,NA
cryneo35,NA,NA,2017/06/27,NA
cryneo36,NA,NA,2017/07/07,NA
cryneo37,NA,NA,2017/07/07,NA
cryneo38,NA,NA,2017/07/07,NA
cryneo39,NA,NA,2017/07/07,NA
cryneo4,NA,NA,2017/07/24,NA
cryneo40,NA,NA,2017/07/07,NA
cryneo41,NA,NA,2017/07/07,NA
cryneo42,NA,NA,2004/07/13,NA
cryneo5,NA,NA,2017/07/20,NA
cryneo6,NA,NA,2017/07/20,NA
cryneo7,NA,NA,2017/07/20,NA
cryneo8,NA,NA,2017/07/20,NA
cryneo9,NA,NA,2017/07/20,NA
crypar1,NA,NA,2020/03/25,NA
cryter1,NA,NA,"Close D et al.,2016",NA
crywin1,NA,NA,"Passer AR et al.,2019",NA
cucber1,NA,NA,"Haridas S et al.,2020",NA
cucdik1,NA,NA,2020/09/30,NA
cudaci1,NA,NA,2020/05/12,NA
curkus1,NA,NA,2020/03/03,NA
cutole1,NA,NA,2015/06/11,NA
cutole2,NA,NA,2019/08/22,NA
cyastr1,NA,NA,"Ruiz-Dueñas FJ et al.,2020",NA
cybfab1,NA,NA,"van Rijswijck IM et al.,2017",NA
cybjad1,NA,NA,"Riley R et al.,2016",NA
cylhub1,NA,NA,2020/09/17,NA
cyloli1,NA,NA,"Mesny F et al.,2021",NA
cyltor1,NA,NA,"Floudas D et al.,2015",NA
cyltor2,NA,NA,2015/02/25,NA
cypeur1,NA,NA,"Teixeira MM et al.,2017",NA
cysmin1,NA,NA,"Camiolo S et al.,2019",NA
cytleu1,NA,NA,2018/11/19,NA
cytmel1,NA,NA,"Hage H et al.,2021",NA
daccio1,NA,NA,2020/04/08,NA
daccyl1,NA,NA,2020/04/08,NA
dacest1,NA,NA,"Mesny F et al.,2021",NA
dachap1,NA,NA,2013/07/23,NA
dacmac1,NA,NA,"Mesny F et al.,2021",NA
dacpri1,NA,NA,"Floudas D et al.,2012",NA
daeque1,NA,NA,2016/04/26,NA
dalbam1,NA,NA,"Franco MEE et al.,2021",NA
dalcal1,NA,NA,"Franco MEE et al.,2021",NA
dalchi1,NA,NA,2019/09/25,NA
daldec1,NA,NA,"Franco MEE et al.,2021",NA
dalesc1,NA,NA,"Franco MEE et al.,2021",NA
dalesc2,NA,NA,"Wu W et al.,2017",NA
dalgra1,NA,NA,"Franco MEE et al.,2021",NA
dalloc2,NA,NA,"Franco MEE et al.,2021",NA
dalloc3,NA,NA,"Franco MEE et al.,2021",NA
dalsp.1,NA,NA,"Franco MEE et al.,2021",NA
dalsp.2,NA,NA,2017/05/08,NA
dalver1,NA,NA,"Franco MEE et al.,2021",NA
debfab1,NA,NA,"Tafer H et al.,2016",NA
debhan1,NA,NA,2004/07/03,NA
decgau1,NA,NA,"Haridas S et al.,2020",NA
dekbru1,NA,NA,"Pi?kur J et al.,2012",NA
delcon1,NA,NA,"Haridas S et al.,2020",NA
delstr1,NA,NA,"Haridas S et al.,2020",NA
denbis1,NA,NA,"Varga T et al.,2019",NA
denfra1,NA,NA,2019/04/05,NA
dennan1,NA,NA,"Mesny F et al.,2021",NA
densp.1,NA,NA,"Park H et al.,2019",NA
diaamp1,NA,NA,"Morales-Cruz A et al.,2015",NA
diabat1,NA,NA,2021/07/22,NA
diacit1,NA,NA,2020/09/15,NA
diahel1,NA,NA,"Baroncelli R et al.,2016",NA
dibbae1,NA,NA,"McDonald TR et al.,2013",NA
dicmue1,NA,NA,2020/12/22,NA
dicroe1,NA,NA,2020/12/22,NA
dicsqu1,NA,NA,"Casado López S et al.,2019",NA
dicsqu2,NA,NA,"Casado López S et al.,2019",NA
dicsqu3,NA,NA,"Casado López S et al.,2019",NA
dicsqu4,NA,NA,"Floudas D et al.,2012",NA
didena1,NA,NA,2020/01/31,NA
didexi1,NA,NA,"Haridas S et al.,2020",NA
didhet1,NA,NA,2020/03/03,NA
didker1,NA,NA,2020/03/03,NA
didzea1,NA,NA,"Condon BJ et al.,2018",NA
dimcri1,NA,NA,"Ahrendt SR et al.,2018",NA
dipcor1,NA,NA,2016/11/18,NA
dipros1,NA,NA,2017/09/20,NA
dipser1,NA,NA,"Morales-Cruz A et al.,2015",NA
disaci1,NA,NA,2020/01/29,NA
disglo1,NA,NA,2020/12/16,NA
disglo2,NA,NA,2020/12/16,NA
diurug1,NA,NA,2019/09/26,NA
divepi1,NA,NA,2018/09/12,NA
dotsep1,NA,NA,"de Wit PJ et al.,N/D~Ohm RA et al.,N/D",NA
dotsym1,NA,NA,2020/01/29,NA
drebro1,NA,NA,2020/04/08,NA
drecon1,NA,NA,"Zhang L et al.,2016",NA
dreste1,NA,NA,"Liu K et al.,2014",NA
durrog1,NA,NA,"Franco MEE et al.,2021",NA
earsca1,NA,NA,"Hage H et al.,2021",NA
edhaed1,NA,NA,"Desjardins CA et al.,2015",NA
elagra1,NA,NA,2017/08/04,NA
elagra2,NA,NA,"Quandt CA et al.,2015",NA
elsamp1,NA,NA,"Haridas S et al.,2020",NA
elsaus1,NA,NA,2018/03/22,NA
elsaus2,NA,NA,2019/05/15,NA
elsbat1,NA,NA,2021/03/09,NA
elsfaw1,NA,NA,2020/05/06,NA
emeafr1,NA,NA,2016/06/09,NA
emepas1,NA,NA,"Dukik K et al.,2017",NA
emepas2,NA,NA,2016/11/18,NA
emesp.1,NA,NA,2021/08/18,NA
emmcre1,NA,NA,"Muñoz JF et al.,2018",NA
emmcre2,NA,NA,2015/05/15,NA
emmpar1,NA,NA,"Muñoz JF et al.,2018",NA
enccun1,NA,NA,"Peyretaillade E et al.,2009~Katinka MD et al.,2001",NA
enccun2,NA,NA,2015/07/15,NA
enchel1,NA,NA,"Pombert JF et al.,2012",NA
encint1,NA,NA,"Corradi N et al.,2010",NA
encrom1,NA,NA,"Pombert JF et al.,2012",NA
endpal1,NA,NA,"McDonald TR et al.,2013",NA
endpus1,NA,NA,"Wang YY et al.,2014",NA
endsp.1,NA,NA,"Chang Y et al.,2019",NA
endsp.2,NA,NA,2019/01/02,NA
entbel1,NA,NA,2020/11/24,NA
entbie1,NA,NA,2007/12/05,NA
entcan1,NA,NA,"Wiredu Boakye D et al.,2017",NA
entchl1,NA,NA,2020/12/08,NA
entchl2,NA,NA,2020/12/08,NA
enthep1,NA,NA,"Wiredu Boakye D et al.,2017",NA
entlig1,NA,NA,2020/11/16,NA
entmus1,NA,NA,2020/10/02,NA
epifes1,NA,NA,2018/11/23,NA
epityp1,NA,NA,"Hage H et al.,2021",NA
erebil1,NA,NA,"Haridas S et al.,2020",NA
erecym1,NA,NA,"Wendland J et al.,2011",NA
eregos1,NA,NA,"Dietrich FS et al.,2013",NA
eregos2,NA,NA,"Dietrich FS et al.,2004",NA
eresin1,NA,NA,2016/02/04,NA
erynec1,NA,NA,"Jones L et al.,2014",NA
erypul1,NA,NA,"Wadl PA et al.,2019",NA
escweb1,NA,NA,"de Man TJ et al.,2016",NA
eurrub1,NA,NA,"Kis-Papo T et al.,2014",NA
eutlat1,NA,NA,"Blanco-Ulate B et al.,2013",NA
exigla1,NA,NA,2016/04/26,NA
exoaqu1,NA,NA,2014/06/16,NA
exoder1,NA,NA,"Chen Z et al.,2014~Teixeira MM et al.,2017",NA
exoder2,NA,NA,2011/10/14,NA
exomes1,NA,NA,"Teixeira MM et al.,2017",NA
exooli1,NA,NA,"Teixeira MM et al.,2017",NA
exosid1,NA,NA,"Teixeira MM et al.,2017",NA
exospi1,NA,NA,"Teixeira MM et al.,2017",NA
exoxen1,NA,NA,"Teixeira MM et al.,2017",NA
exstur1,NA,NA,2013/04/09,NA
fibpsy1,NA,NA,"Nagy LG et al.,2016",NA
fibrad1,NA,NA,"Tang JD et al.,2012",NA
fibsp.1,NA,NA,2016/04/23,NA
filflo1,NA,NA,"Guerreiro MA et al.,2021",NA
fishep1,NA,NA,2015/02/25,NA
flaaln1,NA,NA,2020/11/16,NA
fombet1,NA,NA,"Hage H et al.,2021",NA
fomfom1,NA,NA,"Hage H et al.,2021",NA
fommed1,NA,NA,2012/06/21,NA
fompin1,NA,NA,"Floudas D et al.,2012",NA
fonere1,NA,NA,"Vicente VA et al.,N/D",NA
fonmon1,NA,NA,"Bombassaro A et al.,2016",NA
fonmul1,NA,NA,"Teixeira MM et al.,2017",NA
fonnub1,NA,NA,"Costa FF et al.,2016",NA
fonped1,NA,NA,"Teixeira MM et al.,2017",NA
friend1,NA,NA,2019/05/02,NA
frisim1,NA,NA,2019/05/02,NA
funsp.1,NA,NA,2015/01/27,NA
funsp.2,NA,NA,2017/02/04,NA
furboo1,NA,NA,2018/05/03,NA
fusacu1,NA,NA,2020/04/29,NA
fusaga1,NA,NA,2016/06/02,NA
fusalb1,NA,NA,2020/04/29,NA
fusamb1,NA,NA,2018/12/14,NA
fusant1,NA,NA,2020/06/19,NA
fusaus1,NA,NA,2020/04/29,NA
fusaus2,NA,NA,2020/06/19,NA
fusave1,NA,NA,2014/10/10,NA
fusbeo1,NA,NA,2018/03/07,NA
fusbul1,NA,NA,2020/07/27,NA
fuscir1,NA,NA,2020/07/10,NA
fuscof1,NA,NA,2018/07/13,NA
fuscoi1,NA,NA,2020/07/27,NA
fuscom1,NA,NA,"Mesny F et al.,2021",NA
fuscul1,NA,NA,"Urban M et al.,2016",NA
fusdec1,NA,NA,2020/06/03,NA
fusden1,NA,NA,2020/07/10,NA
fusequ1,NA,NA,2021/07/06,NA
fuseuw1,NA,NA,2018/12/20,NA
fusfla1,NA,NA,2018/03/20,NA
fusflo1,NA,NA,2018/12/14,NA
fusfuj1,NA,NA,"Wiemann P et al.,N/D",NA
fusgad1,NA,NA,2020/06/03,NA
fusglo1,NA,NA,2020/07/10,NA
fusgra2,NA,NA,"Cuomo CA et al.,2007",NA
fusgra3,NA,NA,2020/06/03,NA
fushet1,NA,NA,2020/07/10,NA
fuskur1,NA,NA,2018/10/30,NA
fuslan1,NA,NA,"Lysøe E et al.,2016",NA
fuslon1,NA,NA,2018/03/20,NA
fusman1,NA,NA,"Niehaus EM et al.,2016",NA
fusmex1,NA,NA,2020/07/10,NA
fusmun1,NA,NA,2020/07/10,NA
fusmus1,NA,NA,2021/09/09,NA
fusnap1,NA,NA,2020/07/10,NA
fusnyg1,NA,NA,2018/01/22,NA
fusodo1,NA,NA,2013/04/02,NA
fusoxy17,NA,NA,"Ma LJ et al.,2014",NA
fusoxy18,NA,NA,"DeIulio GA et al.,2018",NA
fusoxy19,NA,NA,"DeIulio GA et al.,2018",NA
fusoxy2,NA,NA,"Fokkens L et al.,2020",NA
fusoxy21,NA,NA,"DeIulio GA et al.,2018",NA
fusoxy22,NA,NA,"DeIulio GA et al.,2018",NA
fusoxy23,NA,NA,"Williams AH et al.,2016",NA
fusoxy24,NA,NA,"DeIulio GA et al.,2018",NA
fusoxy25,NA,NA,"DeIulio GA et al.,2018",NA
fusoxy26,NA,NA,"DeIulio GA et al.,2018",NA
fusoxy28,NA,NA,"Mesny F et al.,2021",NA
fusoxy29,NA,NA,"Mesny F et al.,2021",NA
fusoxy3,NA,NA,"Wang B et al.,2020",NA
fusoxy30,NA,NA,"Ma LJ et al.,2010",NA
fusoxy32,NA,NA,2020/08/11,NA
fusoxy33,NA,NA,2019/08/13,NA
fusoxy34,NA,NA,2019/06/03,NA
fusoxy35,NA,NA,2019/02/06,NA
fusoxy36,NA,NA,2018/10/05,NA
fusoxy37,NA,NA,2018/10/05,NA
fusoxy38,NA,NA,2018/10/05,NA
fusoxy40,NA,NA,2016/08/10,NA
fusoxy42,NA,NA,2013/04/02,NA
fusoxy43,NA,NA,2021/06/16,NA
fusoxy44,NA,NA,2021/07/07,NA
fusoxy45,NA,NA,2021/07/07,NA
fusoxy46,NA,NA,2021/11/08,NA
fusphy1,NA,NA,2020/07/10,NA
fuspoa1,NA,NA,"Vanheule A et al.,2016",NA
fuspro1,NA,NA,"Niehaus EM et al.,2016",NA
fuspse1,NA,NA,"Gardiner DM et al.,2012",NA
fuspse2,NA,NA,2020/07/10,NA
fuspse3,NA,NA,2020/07/10,NA
fusred1,NA,NA,"Mesny F et al.,2021",NA
fussar1,NA,NA,2020/06/03,NA
fussol1,NA,NA,"Mesny F et al.,2021",NA
fussp.10,NA,NA,2018/12/14,NA
fussp.11,NA,NA,2021/11/05,NA
fussp.2,NA,NA,"Mesny F et al.,2021",NA
fussp.4,NA,NA,2020/09/28,NA
fussp.5,NA,NA,2020/07/10,NA
fussp.6,NA,NA,2020/06/03,NA
fussp.7,NA,NA,2020/07/10,NA
fussp.8,NA,NA,2018/12/14,NA
fussp.9,NA,NA,2018/12/14,NA
fusspo1,NA,NA,2018/03/20,NA
fussub1,NA,NA,2020/07/10,NA
fustja1,NA,NA,2020/07/10,NA
fustri1,NA,NA,"Mesny F et al.,2021",NA
fustri2,NA,NA,"Mesny F et al.,2021",NA
fusvan1,NA,NA,2009/08/24,NA
fusven1,NA,NA,"Mesny F et al.,2021",NA
fusver1,NA,NA,"Ma LJ et al.,2010~Cuomo CA et al.,2007",NA
fusver2,NA,NA,2005/10/18,NA
fusxyl1,NA,NA,2021/05/06,NA
fusxyl2,NA,NA,2021/05/06,NA
fusxyl3,NA,NA,2021/05/06,NA
fusxyl4,NA,NA,2021/05/06,NA
fusxyl5,NA,NA,2021/05/06,NA
fusxyl6,NA,NA,2021/05/06,NA
fuszea1,NA,NA,2020/06/03,NA
gaegra1,NA,NA,"Okagaki LH et al.,2015",NA
gaetri1,NA,NA,2010/07/14,NA
galmar1,NA,NA,2014/06/03,NA
galree1,NA,NA,2020/06/09,NA
gammul1,NA,NA,2020/12/16,NA
gansin1,NA,NA,"Zhu Y et al.,2015",NA
gansp.1,NA,NA,"Binder M et al.,2013",NA
gaumor1,NA,NA,"Miyauchi S et al.,2020",NA
gelsub1,NA,NA,2012/04/18,NA
geocan1,NA,NA,2020/06/09,NA
geocan2,NA,NA,2020/06/09,NA
geocan3,NA,NA,2020/06/09,NA
geocan4,NA,NA,2020/06/09,NA
geocan5,NA,NA,2020/06/09,NA
geocan6,NA,NA,2020/09/15,NA
geocan7,NA,NA,2020/06/09,NA
geocan8,NA,NA,2014/05/11,NA
geomor1,NA,NA,2020/04/20,NA
geopyr1,NA,NA,"Malar C M et al.,2021",NA
gigmar1,NA,NA,2019/12/30,NA
gigros1,NA,NA,"Morin E et al.,2019",NA
glaloz1,NA,NA,"Chen L et al.,2013",NA
glaloz2,NA,NA,2011/12/14,NA
glocer1,NA,NA,2018/09/12,NA
glocon1,NA,NA,"Looney B et al.,2021",NA
gloste1,NA,NA,"Peter M et al.,2016",NA
glotra1,NA,NA,2013/03/06,NA
gluame1,NA,NA,2021/09/21,NA
golcic1,NA,NA,2018/10/03,NA
golcic2,NA,NA,2018/10/03,NA
golcic3,NA,NA,2018/10/03,NA
golmag1,NA,NA,2019/07/11,NA
gomame1,NA,NA,2021/03/19,NA
gonpro1,NA,NA,2016/02/25,NA
grascr1,NA,NA,"McDonald TR et al.,2013",NA
grocla1,NA,NA,"DiGuistini S et al.,2011",NA
grycys1,NA,NA,2020/12/08,NA
guynec1,NA,NA,"Koch RA et al.,2021",NA
gymand1,NA,NA,"Barbi F et al.,2020",NA
gymcon1,NA,NA,2020/06/23,NA
gymdil1,NA,NA,2018/02/22,NA
gymjun1,NA,NA,"Ruiz-Dueñas FJ et al.,2020",NA
gymlux1,NA,NA,2015/01/21,NA
gyrliv1,NA,NA,"Miyauchi S et al.,2020",NA
halvar1,NA,NA,2021/10/29,NA
hammag1,NA,NA,2019/03/05,NA
hammag2,NA,NA,2019/03/05,NA
hamtva1,NA,NA,2019/03/05,NA
hamtva2,NA,NA,2019/03/05,NA
hangui1,NA,NA,"Seixas I et al.,2019",NA
hanopu1,NA,NA,"Sternes PR et al.,2016",NA
hanosm1,NA,NA,"Sternes PR et al.,2016",NA
hanuva1,NA,NA,"Sternes PR et al.,2016",NA
hanuva2,NA,NA,2015/04/02,NA
hanval1,NA,NA,"Riley R et al.,2016",NA
hapbis1,NA,NA,2020/11/16,NA
hapgra1,NA,NA,2020/11/16,NA
hapsp.1,NA,NA,2020/11/17,NA
hapsp.2,NA,NA,2020/11/17,NA
hapsp.3,NA,NA,2020/11/17,NA
hebcyl1,NA,NA,"Kohler A et al.,2015~Doré J et al.,2015~Doré J et al.,2017",NA
helgri1,NA,NA,"Muñoz JF et al.,2018",NA
helsp.4,NA,NA,2019/11/06,NA
helsul1,NA,NA,"Varga T et al.,2019",NA
heperi1,NA,NA,"Wiredu Boakye D et al.,2017",NA
heralp1,NA,NA,2019/04/05,NA
hesves1,NA,NA,"Mondo SJ et al.,2017",NA
hetspe1,NA,NA,2021/03/19,NA
hexnit1,NA,NA,"Hage H et al.,2021",NA
hirmin1,NA,NA,"Lai Y et al.,2014",NA
hirrho1,NA,NA,2021/10/07,NA
hiscap1,NA,NA,"Sharpton TJ et al.,2009",NA
hiscap10,NA,NA,2021/03/29,NA
hiscap3,NA,NA,2021/03/09,NA
hiscap4,NA,NA,2021/03/09,NA
hiscap5,NA,NA,2009/06/01,NA
hompol1,NA,NA,"Joneson S et al.,2011",NA
horaci1,NA,NA,"Haridas S et al.,2020",NA
hortha1,NA,NA,2019/05/02,NA
horwer1,NA,NA,"Lenassi M et al.,N/D",NA
horwer2,NA,NA,2017/05/11,NA
hyabic1,NA,NA,2018/01/08,NA
hyahep1,NA,NA,2018/01/08,NA
hyavar1,NA,NA,2018/01/08,NA
hydfim1,NA,NA,"Hage H et al.,2021",NA
hydpin1,NA,NA,2015/01/21,NA
hydruf1,NA,NA,"Miyauchi S et al.,2020",NA
hygaur1,NA,NA,"Wu G et al.,2021",NA
hymalb1,NA,NA,2021/08/01,NA
hymfra1,NA,NA,2021/08/01,NA
hymrad1,NA,NA,"Ruiz-Dueñas FJ et al.,2020",NA
hyparg1,NA,NA,"Franco MEE et al.,2021",NA
hypbur1,NA,NA,"Riley R et al.,2016",NA
hypcer1,NA,NA,"Franco MEE et al.,2021",NA
hypcro1,NA,NA,"Franco MEE et al.,2021",NA
hypfra1,NA,NA,"Franco MEE et al.,2021",NA
hypfus1,NA,NA,"Franco MEE et al.,2021",NA
hyphym1,NA,NA,2021/01/05,NA
hypmar1,NA,NA,"Min B et al.,2018",NA
hypmon1,NA,NA,"Franco MEE et al.,2021",NA
hyprub1,NA,NA,"Franco MEE et al.,2021",NA
hyprub2,NA,NA,"Franco MEE et al.,2021",NA
hypsp.1,NA,NA,"Franco MEE et al.,2021",NA
hypsp.10,NA,NA,"Wu W et al.,2017",NA
hypsp.2,NA,NA,"Franco MEE et al.,2021",NA
hypsp.3,NA,NA,"Franco MEE et al.,2021",NA
hypsp.4,NA,NA,"Franco MEE et al.,2021",NA
hypsp.5,NA,NA,"Franco MEE et al.,2021",NA
hypsp.6,NA,NA,"Franco MEE et al.,2021",NA
hypsp.7,NA,NA,"Franco MEE et al.,2021",NA
hypsp.8,NA,NA,"Wu W et al.,2017",NA
hypsp.9,NA,NA,"Wu W et al.,2017",NA
hypsub1,NA,NA,"Franco MEE et al.,2021",NA
hypsub2,NA,NA,2015/01/21,NA
hyptru1,NA,NA,"Franco MEE et al.,2021",NA
hyspul1,NA,NA,"Ohm RA et al.,N/D",NA
hyssto1,NA,NA,"Miyauchi S et al.,2020",NA
ilydes1,NA,NA,2021/11/04,NA
ilysp.1,NA,NA,"Mesny F et al.,2021",NA
ilysp.2,NA,NA,"Mesny F et al.,2021",NA
ilysp.3,NA,NA,"Liao HL et al.,2019",NA
imsale1,NA,NA,2021/03/19,NA
infgib1,NA,NA,2020/11/16,NA
irplac1,NA,NA,"Hage H et al.,2021",NA
isafum1,NA,NA,"Shang Y et al.,2016",NA
jaaarg1,NA,NA,2014/06/03,NA
jamros1,NA,NA,2018/05/21,NA
jamsp.1,NA,NA,"Kijpornyongpan T et al.,2018",NA
jimfla1,NA,NA,"Chang Y et al.,2019",NA
jimfla2,NA,NA,"Chang Y et al.,2019",NA
jimlac1,NA,NA,"Chang Y et al.,2019",NA
kalbra1,NA,NA,"Oliveira JVC et al.,2014~Oliveira JV et al.,2013",NA
kalpfe1,NA,NA,"Miyauchi S et al.,2020",NA
karrho1,NA,NA,"Haridas S et al.,2020",NA
kazafr1,NA,NA,"Gordon JL et al.,2011",NA
kazbar1,NA,NA,2021/02/18,NA
kazbar2,NA,NA,2021/02/18,NA
kazexi1,NA,NA,2021/01/08,NA
kaznag1,NA,NA,"Gordon JL et al.,2011",NA
kazsau1,NA,NA,2017/04/28,NA
kazuni1,NA,NA,2021/01/08,NA
kludob1,NA,NA,2015/01/01,NA
klulac1,NA,NA,"Dujon B et al.,2004",NA
klumar2,NA,NA,"Lertwattanasakul N et al.,N/D",NA
kocimp1,NA,NA,"Mondo SJ et al.,2017",NA
kompas1,NA,NA,2016/08/10,NA
kompha1,NA,NA,2009/05/25,NA
kompha2,NA,NA,2017/11/01,NA
kompha4,NA,NA,2016/08/12,NA
kredeu1,NA,NA,"Franco MEE et al.,2021",NA
kredeu2,NA,NA,"Franco MEE et al.,2021",NA
kurcap1,NA,NA,2014/01/29,NA
kwobes1,NA,NA,2013/12/10,NA
kwodej1,NA,NA,2013/12/10,NA
kwohev1,NA,NA,2013/12/10,NA
kwohev2,NA,NA,2013/12/10,NA
kwoman1,NA,NA,2013/12/10,NA
kwoman2,NA,NA,2013/12/10,NA
kwoman3,NA,NA,2013/12/10,NA
kwosha1,NA,NA,2019/09/20,NA
lacame1,NA,NA,"Kohler A et al.,2015",NA
lacari1,NA,NA,2019/08/01,NA
lacbic15,NA,NA,"Martin F et al.,2008",NA
laccer1,NA,NA,2019/08/01,NA
laccf.1,NA,NA,"Looney B et al.,2021",NA
laccf.2,NA,NA,"Looney B et al.,2021",NA
lacdas1,NA,NA,"Vakirlis N et al.,2016",NA
lacfer1,NA,NA,"Vakirlis N et al.,2016",NA
lachya1,NA,NA,2019/08/01,NA
lacind1,NA,NA,"Looney B et al.,2021",NA
laclan1,NA,NA,"Sarilar V et al.,2015",NA
lacmey1,NA,NA,"Vakirlis N et al.,2016",NA
lacmir1,NA,NA,"Vakirlis N et al.,2016",NA
lacnot1,NA,NA,"Vakirlis N et al.,2016",NA
lacocc1,NA,NA,2019/08/01,NA
lacpsa1,NA,NA,"Looney B et al.,2021",NA
lacque1,NA,NA,"Freel KC et al.,2016",NA
lacqui1,NA,NA,"Miyauchi S et al.,2020",NA
lacsp.1,NA,NA,"Vakirlis N et al.,2016",NA
lacsue1,NA,NA,2019/08/01,NA
lacthe1,NA,NA,"Souciet JL et al.,2009",NA
lacwil1,NA,NA,2019/08/01,NA
laesul1,NA,NA,"Nagy LG et al.,2016",NA
laesul2,NA,NA,2016/04/26,NA
lanasi1,NA,NA,2021/10/06,NA
laspus1,NA,NA,2019/09/23,NA
laspus2,NA,NA,2017/04/14,NA
lasthe1,NA,NA,2020/05/04,NA
lasthe2,NA,NA,2017/04/25,NA
lasthe3,NA,NA,2019/10/09,NA
leclec1,NA,NA,"Shang Y et al.,2016",NA
leilac1,NA,NA,"Hage H et al.,2021",NA
leimen1,NA,NA,"Hage H et al.,2021",NA
leisp.1,NA,NA,"Hage H et al.,2021",NA
lenedo1,NA,NA,"Park SG et al.,2017~Shim D et al.,2016",NA
lenedo2,NA,NA,"Sakamoto Y et al.,2017",NA
lenedo7,NA,NA,"Chen L et al.,N/D",NA
lenflu1,NA,NA,2020/02/10,NA
lentig1,NA,NA,"Wu B et al.,2018",NA
lentig2,NA,NA,"Wu B et al.,2018",NA
leosp.1,NA,NA,"Mesny F et al.,2021",NA
lepmac1,NA,NA,"Rouxel T et al.,2011",NA
lepnud1,NA,NA,"Ruiz-Dueñas FJ et al.,2020",NA
leppal1,NA,NA,2016/07/22,NA
lepsor1,NA,NA,2020/02/13,NA
lepsp.1,NA,NA,"Mesny F et al.,2021",NA
letcol1,NA,NA,2020/08/05,NA
letlup1,NA,NA,2020/08/05,NA
leucre1,NA,NA,"Mondo SJ et al.,2017",NA
leucre2,NA,NA,2017/04/20,NA
leugon3,NA,NA,"Aylward FO et al.,2013",NA
leuleu1,NA,NA,2020/06/23,NA
leumol1,NA,NA,"Wu G et al.,2021",NA
leusp.1,NA,NA,2016/02/18,NA
liccor1,NA,NA,"Schwartze VU et al.,2014",NA
licram1,NA,NA,"Linde J et al.,2014",NA
linelo2,NA,NA,2016/05/24,NA
linexi1,NA,NA,2020/12/16,NA
lingam1,NA,NA,2020/12/16,NA
lingam2,NA,NA,2020/12/16,NA
linhya1,NA,NA,2021/08/18,NA
lining1,NA,NA,"Haridas S et al.,2020",NA
linpen1,NA,NA,"Mondo SJ et al.,2017",NA
linrhi1,NA,NA,"Haridas S et al.,2020",NA
linsch1,NA,NA,2020/11/16,NA
linzyc1,NA,NA,2020/12/08,NA
linzyc2,NA,NA,2020/12/08,NA
lipsta1,NA,NA,"Riley R et al.,2016",NA
lizemp1,NA,NA,"Haridas S et al.,2020",NA
lobtra1,NA,NA,"Mondo SJ et al.,2017",NA
lodelo1,NA,NA,"Butler G et al.,2009",NA
lompro1,NA,NA,"Luo R et al.,2017",NA
lopmac1,NA,NA,2020/02/10,NA
lopmyt1,NA,NA,"Haridas S et al.,2020",NA
lopnuc1,NA,NA,"Haridas S et al.,2020",NA
lyoatr1,NA,NA,"Steindorff AS et al.,2021",NA
macano1,NA,NA,"Haridas S et al.,2020",NA
macful1,NA,NA,"Ruiz-Dueñas FJ et al.,2020",NA
macpha1,NA,NA,"Mesny F et al.,2021",NA
macpha2,NA,NA,"Islam MS et al.,2012",NA
madmyc1,NA,NA,"Smit S et al.,2016",NA
magory1,NA,NA,"Dean RA et al.,2005",NA
magpoa1,NA,NA,"Okagaki LH et al.,2015",NA
malglo1,NA,NA,2007/11/02,NA
malpac1,NA,NA,"Triana S et al.,2015",NA
malres1,NA,NA,2018/07/09,NA
malres2,NA,NA,2018/10/29,NA
malsym1,NA,NA,"Gioti A et al.,2013",NA
malves1,NA,NA,"Lorch JM et al.,2018",NA
marbru1,NA,NA,"Zhu S et al.,2012",NA
marcor1,NA,NA,2017/06/21,NA
marfia1,NA,NA,"Miyauchi S et al.,2020",NA
marore1,NA,NA,2021/06/16,NA
masebu1,NA,NA,"Haridas S et al.,2020",NA
maspha1,NA,NA,"Haridas S et al.,2020",NA
meimil1,NA,NA,"Kijpornyongpan T et al.,2018",NA
melame1,NA,NA,"Crowell CR et al.,2021",NA
melbic1,NA,NA,"Martino E et al.,2018",NA
melbro1,NA,NA,"Miyauchi S et al.,2020",NA
melbro2,NA,NA,2020/10/20,NA
mellar1,NA,NA,2011/04/12,NA
mellin1,NA,NA,"Nemri A et al.,N/D",NA
melpul1,NA,NA,2020/01/31,NA
melvar1,NA,NA,"Martino E et al.,2018",NA
metacr1,NA,NA,"Gao Q et al.,2011",NA
metaff1,NA,NA,2019/02/20,NA
metalb1,NA,NA,"Hu X et al.,2014",NA
metani1,NA,NA,"Hu X et al.,2014",NA
metani2,NA,NA,2013/07/12,NA
metani3,NA,NA,2013/07/12,NA
metbic2,NA,NA,"Riley R et al.,2016",NA
metbic3,NA,NA,"Ahrendt SR et al.,2018",NA
metbic4,NA,NA,2016/06/17,NA
metbru1,NA,NA,"Hu X et al.,2014",NA
metfru1,NA,NA,"Hershkovitz V et al.,2013",NA
metgui1,NA,NA,"Hu X et al.,2014",NA
methum1,NA,NA,2021/09/23,NA
metmaj1,NA,NA,"Hu X et al.,2014",NA
metper1,NA,NA,2020/10/21,NA
metril1,NA,NA,"Shang Y et al.,2016",NA
metrob2,NA,NA,2014/03/17,NA
metrob3,NA,NA,2011/01/31,NA
metsp.2,NA,NA,2019/04/17,NA
meygui1,NA,NA,"Butler G et al.,2009",NA
meysp.1,NA,NA,2018/10/23,NA
micbol1,NA,NA,"David AS et al.,2016",NA
miccan1,NA,NA,"Martinez DA et al.,N/D",NA
micint1,NA,NA,"Branco S et al.,2017",NA
miclyc1,NA,NA,"Perlin MH et al.,2015",NA
micmic1,NA,NA,"Haridas S et al.,2020",NA
micsap1,NA,NA,2018/06/18,NA
micsap2,NA,NA,2018/06/18,NA
micsil1,NA,NA,2018/06/18,NA
mictri1,NA,NA,"Mesny F et al.,2021",NA
milfar1,NA,NA,2011/11/10,NA
mitdap1,NA,NA,"Haag KL et al.,2014",NA
mixosm1,NA,NA,"Toome M et al.,2014",NA
modren1,NA,NA,2020/12/08,NA
moeant1,NA,NA,"Saika A et al.,2014",NA
moeant2,NA,NA,2013/01/16,NA
moeaph1,NA,NA,"Lorenz S et al.,2014",NA
moelib1,NA,NA,"Shang Y et al.,2016",NA
molsco1,NA,NA,2016/01/06,NA
moncan1,NA,NA,2019/02/11,NA
moncan2,NA,NA,2019/02/11,NA
monfru1,NA,NA,2019/09/24,NA
monfru2,NA,NA,2018/06/22,NA
monfru3,NA,NA,2021/02/18,NA
monhap1,NA,NA,"Meerupati T et al.,2013~Andersson KM et al.,2013",NA
monibe1,NA,NA,2019/02/11,NA
monlax1,NA,NA,2019/10/23,NA
monper1,NA,NA,"Mondego JM et al.,2008",NA
monror1,NA,NA,"Meinhardt LW et al.,2014",NA
monsp.2,NA,NA,2019/02/11,NA
monsp.3,NA,NA,2019/02/11,NA
monsp.4,NA,NA,2019/02/11,NA
monsp.5,NA,NA,2019/02/11,NA
monsp.6,NA,NA,2019/02/11,NA
monsp.7,NA,NA,2019/02/11,NA
monsp.8,NA,NA,2019/02/11,NA
monvac1,NA,NA,2021/03/16,NA
morant1,NA,NA,2020/12/08,NA
morant2,NA,NA,2020/11/24,NA
morcon1,NA,NA,2018/11/16,NA
morelo2,NA,NA,"Mesny F et al.,2021",NA
morelo3,NA,NA,"Uehling J et al.,2017",NA
morhyg1,NA,NA,2020/11/24,NA
morimp1,NA,NA,"Tan H et al.,2019",NA
morimp2,NA,NA,"Murat C et al.,2018",NA
morpol1,NA,NA,2020/12/16,NA
morsex1,NA,NA,2021/09/24,NA
morsp.10,NA,NA,2020/11/24,NA
morsp.11,NA,NA,2020/11/16,NA
morsp.12,NA,NA,2020/11/24,NA
morsp.13,NA,NA,2020/11/16,NA
morsp.14,NA,NA,2020/11/16,NA
morsp.15,NA,NA,2020/11/16,NA
morsp.16,NA,NA,2020/11/16,NA
morsp.4,NA,NA,2020/12/16,NA
morsp.5,NA,NA,2020/12/16,NA
morsp.6,NA,NA,2020/12/16,NA
morsp.7,NA,NA,2020/12/16,NA
morsp.8,NA,NA,2020/11/16,NA
morsp.9,NA,NA,2020/11/24,NA
mucamb1,NA,NA,"Lebreton A et al.,2020",NA
muccir1,NA,NA,"Lee SC et al.,2014",NA
muccir2,NA,NA,2021/01/27,NA
muccir3,NA,NA,2013/05/24,NA
mucend1,NA,NA,"Lebreton A et al.,2020",NA
mucfus1,NA,NA,"Lebreton A et al.,2020",NA
muclan1,NA,NA,"Lebreton A et al.,2020",NA
muclus1,NA,NA,"Navarro-Mendoza MI et al.,2019",NA
muclus2,NA,NA,2016/05/06,NA
mucmuc2,NA,NA,2020/11/16,NA
mucplu1,NA,NA,2021/01/27,NA
mucrac1,NA,NA,"Lebreton A et al.,2020",NA
mucsat1,NA,NA,2021/01/27,NA
muloch1,NA,NA,"Looney B et al.,2021",NA
mycchl1,NA,NA,2020/09/03,NA
myceum1,NA,NA,"Chang TC et al.,2016",NA
mycgal2,NA,NA,"Miyauchi S et al.,2020",NA
mycind2,NA,NA,2020/09/03,NA
mycken1,NA,NA,2020/09/03,NA
mycthe1,NA,NA,"Berka RM et al.,2011",NA
mycven1,NA,NA,2020/09/03,NA
myrdur1,NA,NA,"Haridas S et al.,2020",NA
mytres1,NA,NA,"Haridas S et al.,2020",NA
nadful1,NA,NA,"Riley R et al.,2016",NA
naeenc1,NA,NA,"Mondo SJ et al.,2017",NA
naeenc2,NA,NA,2017/04/20,NA
nagliq1,NA,NA,2020/07/08,NA
nagvis1,NA,NA,"Nizovoy P et al.,2021",NA
nakbac1,NA,NA,"Gabaldón T et al.,2013",NA
nakdel1,NA,NA,"Gabaldón T et al.,2013",NA
nakwic1,NA,NA,"Krassowski T et al.,2018",NA
nangyp1,NA,NA,"Martinez DA et al.,N/D",NA
naucas1,NA,NA,"Gordon JL et al.,2011",NA
naudai1,NA,NA,"Gordon JL et al.,2011",NA
nemabo1,NA,NA,"Franco MEE et al.,2021",NA
nemdif1,NA,NA,"Franco MEE et al.,2021",NA
nemdis1,NA,NA,"Luallen RJ et al.,2016",NA
nempar1,NA,NA,"Cuomo CA et al.,2012",NA
nempar2,NA,NA,2011/02/23,NA
nemser1,NA,NA,"Franco MEE et al.,2021",NA
nemser2,NA,NA,"Franco MEE et al.,2021",NA
nemser3,NA,NA,"Franco MEE et al.,2021",NA
nemsp.1,NA,NA,"Franco MEE et al.,2021",NA
nemsp.2,NA,NA,"Franco MEE et al.,2021",NA
nemsp.3,NA,NA,"Franco MEE et al.,2021",NA
nemsp.4,NA,NA,2014/08/11,NA
nemsp.5,NA,NA,2016/05/11,NA
nemsp.6,NA,NA,2012/02/27,NA
neoaci1,NA,NA,2020/01/31,NA
neocal1,NA,NA,"Haitjema CH et al.,2017",NA
neocla1,NA,NA,2020/09/17,NA
neodit1,NA,NA,"Gómez-Cortecero A et al.,2015",NA
neofis1,NA,NA,"Arnaud MB et al.,2012~Lonial S et al.,1997",NA
neoirr1,NA,NA,"Nguyen TA et al.,2017",NA
neoirr2,NA,NA,2017/01/04,NA
neolan1,NA,NA,"Wilken SE et al.,2021",NA
neolep1,NA,NA,2016/04/26,NA
neopar1,NA,NA,"Blanco-Ulate B et al.,2013",NA
neosp.3,NA,NA,2020/03/03,NA
neosp.5,NA,NA,2021/02/24,NA
neucra3,NA,NA,"Baker SE et al.,2015",NA
neucra4,NA,NA,"Galagan JE et al.,2003",NA
neutet1,NA,NA,2011/05/11,NA
neutet2,NA,NA,2011/05/11,NA
nosapi1,NA,NA,"Chen Yp et al.,2013",NA
nosbom1,NA,NA,"Pan G et al.,2013",NA
noscer1,NA,NA,2015/05/05,NA
noscer10,NA,NA,2019/04/29,NA
noscer3,NA,NA,2009/06/09,NA
nosgra1,NA,NA,2020/12/08,NA
obbriv1,NA,NA,"Miettinen O et al.,2016",NA
ogaang1,NA,NA,2021/07/13,NA
ogaang10,NA,NA,2021/07/13,NA
ogaang2,NA,NA,2021/07/13,NA
ogaang3,NA,NA,2021/07/13,NA
ogaang4,NA,NA,2021/07/13,NA
ogaang5,NA,NA,2021/07/13,NA
ogaang6,NA,NA,2021/07/13,NA
ogaang7,NA,NA,2021/07/13,NA
ogaang8,NA,NA,2021/07/13,NA
ogaang9,NA,NA,2021/07/13,NA
ogahag1,NA,NA,2021/07/13,NA
ogahag10,NA,NA,2021/07/13,NA
ogahag11,NA,NA,2021/07/13,NA
ogahag12,NA,NA,2021/07/13,NA
ogahag13,NA,NA,2021/07/13,NA
ogahag14,NA,NA,2021/07/13,NA
ogahag15,NA,NA,2021/07/13,NA
ogahag16,NA,NA,2021/07/13,NA
ogahag17,NA,NA,2021/07/13,NA
ogahag18,NA,NA,2021/07/13,NA
ogahag19,NA,NA,2021/07/13,NA
ogahag2,NA,NA,2021/07/13,NA
ogahag20,NA,NA,2021/07/13,NA
ogahag21,NA,NA,2021/07/13,NA
ogahag22,NA,NA,2021/07/13,NA
ogahag3,NA,NA,2021/07/13,NA
ogahag4,NA,NA,2021/07/13,NA
ogahag5,NA,NA,2021/07/13,NA
ogahag6,NA,NA,2021/07/13,NA
ogahag7,NA,NA,2021/07/13,NA
ogahag8,NA,NA,2021/07/13,NA
ogahag9,NA,NA,2021/07/13,NA
ogapar1,NA,NA,"Ravin NV et al.,2013",NA
ogaphi1,NA,NA,2021/10/20,NA
ogapol1,NA,NA,"Riley R et al.,2016",NA
ogathe1,NA,NA,2021/10/20,NA
oidmai1,NA,NA,"Kohler A et al.,2015~Martino E et al.,2018",NA
oidneo1,NA,NA,2018/10/03,NA
olipau1,NA,NA,"Mesny F et al.,2021",NA
olpbor1,NA,NA,"Chang Y et al.,2021",NA
ompole1,NA,NA,"Wawrzyn GT et al.,2012",NA
ophaus1,NA,NA,"de Bekker C et al.,2017",NA
ophcam1,NA,NA,"de Bekker C et al.,2017",NA
ophcam2,NA,NA,2018/07/24,NA
ophcam3,NA,NA,2018/07/24,NA
ophcam4,NA,NA,2020/05/07,NA
ophdis1,NA,NA,"Haridas S et al.,2020",NA
ophkim1,NA,NA,"de Bekker C et al.,2015",NA
ophnov1,NA,NA,"Forgetta V et al.,2013~Comeau AM et al.,2014",NA
ophpic1,NA,NA,"Haridas S et al.,2013",NA
ophpol1,NA,NA,2016/04/27,NA
ophsin1,NA,NA,"Shu R et al.,2020",NA
ophsin2,NA,NA,2013/08/20,NA
ophuni1,NA,NA,2015/08/21,NA
orboli1,NA,NA,2011/09/07,NA
orboli10,NA,NA,2020/03/06,NA
orboli11,NA,NA,2020/03/06,NA
orboli12,NA,NA,2020/03/06,NA
orboli13,NA,NA,2020/03/06,NA
orboli14,NA,NA,2020/03/06,NA
orboli15,NA,NA,2020/03/06,NA
orboli16,NA,NA,2020/03/06,NA
orboli17,NA,NA,2020/03/06,NA
orboli18,NA,NA,2020/03/06,NA
orboli19,NA,NA,2020/03/06,NA
orboli2,NA,NA,2019/04/10,NA
orboli20,NA,NA,2020/03/06,NA
orboli3,NA,NA,2020/03/06,NA
orboli4,NA,NA,2020/03/09,NA
orboli5,NA,NA,2020/03/06,NA
orboli6,NA,NA,2020/03/06,NA
orboli7,NA,NA,2020/03/06,NA
orboli8,NA,NA,2020/03/06,NA
orboli9,NA,NA,2020/03/06,NA
ordcol1,NA,NA,"Pombert JF et al.,2015",NA
orpsp.1,NA,NA,"Youssef NH et al.,2013",NA
oudmuc1,NA,NA,"Ruiz-Dueñas FJ et al.,2020",NA
pactan1,NA,NA,"Riley R et al.,2016",NA
paeniv1,NA,NA,"Biango-Daniels MN et al.,2018",NA
paevar1,NA,NA,"Urquhart AS et al.,N/D",NA
paevar2,NA,NA,"Urquhart AS et al.,N/D",NA
paevar3,NA,NA,2013/11/11,NA
pancya1,NA,NA,2018/02/22,NA
panpap1,NA,NA,"Ruiz-Dueñas FJ et al.,2020",NA
panrud1,NA,NA,"Hage H et al.,2021",NA
parbra1,NA,NA,"Desjardins CA et al.,2011",NA
parbra2,NA,NA,2008/03/20,NA
parchr1,NA,NA,"Mesny F et al.,2021",NA
parchr2,NA,NA,"Mesny F et al.,2021",NA
parlut1,NA,NA,"Desjardins CA et al.,2011",NA
parmin1,NA,NA,2020/12/08,NA
parnod1,NA,NA,2021/02/02,NA
parpol1,NA,NA,"Frantzeskakis L et al.,2019",NA
parsac1,NA,NA,"Quandt CA et al.,2017",NA
parspo1,NA,NA,"Zeiner CA et al.,N/D",NA
parspo2,NA,NA,2016/05/10,NA
pasful1,NA,NA,2021/10/15,NA
patatr1,NA,NA,2020/01/31,NA
paxade1,NA,NA,"Kohler A et al.,2015",NA
paxamm1,NA,NA,"Miyauchi S et al.,2020",NA
paxinv1,NA,NA,"Kohler A et al.,2015",NA
paxrub1,NA,NA,2015/01/21,NA
pelfru1,NA,NA,2020/04/02,NA
penant1,NA,NA,"Nielsen JC et al.,2017",NA
penari1,NA,NA,"Grijseels S et al.,2016",NA
penbra1,NA,NA,"Horn F et al.,2015",NA
pencam1,NA,NA,"Cheeseman K et al.,N/D",NA
penchr1,NA,NA,"van den Berg MA et al.,2008",NA
penchr2,NA,NA,"de Vries RP et al.,2017",NA
pencop1,NA,NA,"Nielsen JC et al.,2017",NA
pencru1,NA,NA,2020/09/17,NA
pendec1,NA,NA,"Nielsen JC et al.,2017",NA
pendig1,NA,NA,"Marcet-Houben M et al.,2012",NA
pendig2,NA,NA,2012/11/27,NA
penexp2,NA,NA,"Ballester AR et al.,2015",NA
penfla1,NA,NA,"Nielsen JC et al.,2017",NA
penfre1,NA,NA,"Wingfield BD et al.,2016",NA
pengri1,NA,NA,2016/02/16,NA
pengri2,NA,NA,"Banani H et al.,2016",NA
penita1,NA,NA,2014/10/28,NA
penita2,NA,NA,"Ballester AR et al.,2015",NA
pennal1,NA,NA,"Nielsen JC et al.,2017",NA
pennor1,NA,NA,"Wingfield BD et al.,2015",NA
penoxa1,NA,NA,"Liu G et al.,N/D",NA
penpol1,NA,NA,"Nielsen JC et al.,2017",NA
penrol1,NA,NA,2020/03/17,NA
penroq1,NA,NA,"Cheeseman K et al.,N/D",NA
penrub1,NA,NA,2008/11/04,NA
penrub2,NA,NA,2020/03/03,NA
pensol2,NA,NA,"Nielsen JC et al.,2017",NA
pensp.10,NA,NA,2017/09/27,NA
pensp.11,NA,NA,2017/09/27,NA
pensp.12,NA,NA,2019/08/28,NA
pensp.14,NA,NA,2016/04/26,NA
pensp.6,NA,NA,"Varga T et al.,2019",NA
pensp.7,NA,NA,2020/10/02,NA
pensp.8,NA,NA,2020/10/02,NA
pensp.9,NA,NA,2020/05/21,NA
penste1,NA,NA,"Nielsen JC et al.,2017",NA
pensub1,NA,NA,2016/12/19,NA
penthy1,NA,NA,"Nguyen HDT et al.,2016",NA
penvul1,NA,NA,"Nielsen JC et al.,2017",NA
penzon1,NA,NA,2016/12/06,NA
permac1,NA,NA,"Knapp DG et al.,2018",NA
pesfic1,NA,NA,"Wang X et al.,2015",NA
pessp.1,NA,NA,"Franco MEE et al.,2021",NA
petxyl1,NA,NA,"Krassowski T et al.,2018",NA
phaale1,NA,NA,"Blanco-Ulate B et al.,2013",NA
phacar1,NA,NA,"Suzuki H et al.,2012",NA
phacar2,NA,NA,2012/10/01,NA
phachl1,NA,NA,"Morales-Cruz A et al.,2015",NA
phachr2,NA,NA,"Ohm RA et al.,2014",NA
phamin1,NA,NA,2013/05/10,NA
phapoa1,NA,NA,"Mesny F et al.,2021",NA
phasor1,NA,NA,2021/08/14,NA
phasp.4,NA,NA,2021/11/05,NA
phenox1,NA,NA,"Chung CL et al.,2017",NA
phepou1,NA,NA,2019/04/22,NA
phiame1,NA,NA,2015/02/10,NA
phiatt1,NA,NA,"Moreno LF et al.,2015",NA
phiatt2,NA,NA,2015/09/25,NA
phicur1,NA,NA,2019/03/15,NA
phisco1,NA,NA,"Walker AK et al.,2016",NA
phisub1,NA,NA,"Schlegel M et al.,2016",NA
phlbre1,NA,NA,"Binder M et al.,2013",NA
phlcen1,NA,NA,2016/12/22,NA
phlcen2,NA,NA,2019/04/22,NA
phlgig1,NA,NA,2015/02/04,NA
phlsp.1,NA,NA,"Wu G et al.,2021",NA
phoaln1,NA,NA,"Ruiz-Dueñas FJ et al.,2020",NA
phocon1,NA,NA,"Ruiz-Dueñas FJ et al.,2020",NA
phomol1,NA,NA,"Steindorff AS et al.,2021",NA
photra1,NA,NA,"Haridas S et al.,2020",NA
phybla5,NA,NA,2016/05/06,NA
phycap6,NA,NA,"Guarnaccia V et al.,2019",NA
phycit11,NA,NA,"Guarnaccia V et al.,2019",NA
phycit12,NA,NA,"Guarnaccia V et al.,2019",NA
phycit13,NA,NA,"Guarnaccia V et al.,2019",NA
phycit14,NA,NA,"Guarnaccia V et al.,2019",NA
phypar2,NA,NA,"Guarnaccia V et al.,2019",NA
physp.1,NA,NA,"Guarnaccia V et al.,2019",NA
physte1,NA,NA,2021/06/16,NA
pickud1,NA,NA,"Douglass AP et al.,2018",NA
picmem1,NA,NA,2016/06/10,NA
picpas1,NA,NA,"De Schutter K et al.,2009",NA
piehor1,NA,NA,"Haridas S et al.,2020",NA
piloli1,NA,NA,"Kohler A et al.,2015",NA
pipcyl1,NA,NA,"Ahrendt SR et al.,2018",NA
pirfin1,NA,NA,"Haitjema CH et al.,2017~Mondo SJ et al.,2017",NA
pirind1,NA,NA,"Zuccaro A et al.,2011",NA
pirsp.2,NA,NA,"Haitjema CH et al.,2017",NA
pismic1,NA,NA,"Kohler A et al.,2015",NA
pistin1,NA,NA,"Kohler A et al.,2015",NA
plecor1,NA,NA,2021/08/18,NA
plecuc2,NA,NA,"Mesny F et al.,2021",NA
pleery1,NA,NA,"Ruiz-Dueñas FJ et al.,2020",NA
pleost1,NA,NA,2020/09/03,NA
pleost2,NA,NA,2019/05/13,NA
pleost3,NA,NA,2014/06/03,NA
pleplu1,NA,NA,2021/10/29,NA
plepul1,NA,NA,2020/05/07,NA
plepul2,NA,NA,2020/05/07,NA
plepul3,NA,NA,2020/05/07,NA
plesip1,NA,NA,2020/01/31,NA
pletra1,NA,NA,2020/01/31,NA
plicri1,NA,NA,2015/01/21,NA
plucer1,NA,NA,"Varga T et al.,2019",NA
pnecan1,NA,NA,2021/03/09,NA
pnecar1,NA,NA,"Ma L et al.,2016",NA
pnejir1,NA,NA,"Ma L et al.,2016",NA
pnejir2,NA,NA,"Cissé OH et al.,2012",NA
pnemur1,NA,NA,2013/03/25,NA
pneory1,NA,NA,2021/03/09,NA
pnesp.1,NA,NA,2021/04/22,NA
pnewak1,NA,NA,2021/03/08,NA
pocchl2,NA,NA,2013/05/22,NA
pocchl3,NA,NA,2016/05/27,NA
podans1,NA,NA,"Espagne E et al.,N/D",NA
podclo1,NA,NA,2020/12/08,NA
podclo2,NA,NA,2020/12/08,NA
podcom1,NA,NA,2018/10/22,NA
podepi1,NA,NA,2020/11/24,NA
podepi2,NA,NA,2020/12/08,NA
podepi3,NA,NA,2020/12/08,NA
podhor1,NA,NA,2020/11/24,NA
podhor2,NA,NA,2020/12/16,NA
podhum1,NA,NA,2020/12/16,NA
podmin1,NA,NA,2020/12/16,NA
podmin2,NA,NA,2020/11/24,NA
podver1,NA,NA,2014/08/12,NA
podver2,NA,NA,2020/11/17,NA
podver3,NA,NA,2020/11/24,NA
podver4,NA,NA,2020/11/24,NA
polarc1,NA,NA,2019/03/25,NA
polbru1,NA,NA,"Miyauchi S et al.,N/D",NA
polcit1,NA,NA,2020/01/31,NA
polfus1,NA,NA,"Haridas S et al.,2020",NA
polhys1,NA,NA,"Muñoz JF et al.,2018",NA
polsqu1,NA,NA,"Hage H et al.,2021",NA
porpun1,NA,NA,"Franco MEE et al.,2021",NA
pospla1,NA,NA,"Gaskell J et al.,2017",NA
pospla2,NA,NA,2009/01/13,NA
prolac1,NA,NA,"Mondo SJ et al.,2017",NA
prolac2,NA,NA,2017/04/20,NA
psaabe1,NA,NA,2019/02/01,NA
pseant1,NA,NA,"Morita T et al.,2013",NA
psedes1,NA,NA,"Drees KP et al.,2016",NA
pseeum1,NA,NA,2016/03/01,NA
psefij1,NA,NA,2013/02/11,NA
pseflo1,NA,NA,"Lefebvre F et al.,2013",NA
pseful1,NA,NA,2020/08/26,NA
pseglu1,NA,NA,"Kijpornyongpan T et al.,2018",NA
psehub1,NA,NA,"Konishi M et al.,2013",NA
psehyp1,NA,NA,"Haridas S et al.,2020",NA
psemus1,NA,NA,"Chang TC et al.,2016",NA
pseneu1,NA,NA,"Ndikumana S et al.,2017",NA
psesp.10,NA,NA,2016/06/14,NA
psesp.11,NA,NA,2016/06/14,NA
psesp.12,NA,NA,2016/06/14,NA
psesp.13,NA,NA,2014/09/09,NA
psesp.14,NA,NA,2014/09/09,NA
psesp.15,NA,NA,2014/09/09,NA
psesp.16,NA,NA,2014/09/09,NA
psesp.17,NA,NA,2014/09/09,NA
psesp.18,NA,NA,2014/09/09,NA
psesp.2,NA,NA,"Leushkin EV et al.,2015",NA
psesp.20,NA,NA,2014/09/09,NA
psesp.21,NA,NA,2014/09/09,NA
psesp.22,NA,NA,2014/09/09,NA
psesp.3,NA,NA,"Leushkin EV et al.,2015",NA
psesp.4,NA,NA,"Palmer JM et al.,2018",NA
psesp.5,NA,NA,"Leushkin EV et al.,2015",NA
psesp.6,NA,NA,"Leushkin EV et al.,2015",NA
psesp.8,NA,NA,"Leushkin EV et al.,2015",NA
psesp.9,NA,NA,2016/06/14,NA
psever1,NA,NA,"Palmer JM et al.,2018",NA
psevex1,NA,NA,"Mondo SJ et al.,2017",NA
psevol1,NA,NA,2021/08/30,NA
psicf.1,NA,NA,2020/06/23,NA
psicub1,NA,NA,"Fricke J et al.,2017",NA
psicya1,NA,NA,2018/02/22,NA
psiser1,NA,NA,"Fricke J et al.,2017",NA
ptegra1,NA,NA,"Varga T et al.,2019",NA
puccor4,NA,NA,2018/01/08,NA
puccor5,NA,NA,2018/01/08,NA
pucgra1,NA,NA,"Li F et al.,2019",NA
pucgra2,NA,NA,"Li F et al.,2019",NA
pucgra3,NA,NA,"Li F et al.,2019",NA
pucgra4,NA,NA,"Li F et al.,2019",NA
pucgra5,NA,NA,"Duplessis S et al.,2011~Cuomo CA et al.,2017",NA
pucgra6,NA,NA,2007/01/22,NA
pucsor1,NA,NA,2015/08/07,NA
pucstr1,NA,NA,"Schwessinger B et al.,2018",NA
pucstr2,NA,NA,"Cantu D et al.,N/D",NA
pucstr3,NA,NA,"Cuomo CA et al.,2017",NA
puctri1,NA,NA,"Cuomo CA et al.,2017",NA
punstr1,NA,NA,2012/06/04,NA
purlil1,NA,NA,"Wang G et al.,2016",NA
pyccin2,NA,NA,"Levasseur A et al.,2014",NA
pyccoc2,NA,NA,"Miyauchi S et al.,2020",NA
pycpun1,NA,NA,"Miyauchi S et al.,2020",NA
pycsan1,NA,NA,"Miyauchi S et al.,2020",NA
pyrcon1,NA,NA,"Traeger S et al.,N/D",NA
pyrgri1,NA,NA,2019/03/11,NA
pyrlyc1,NA,NA,"Mesny F et al.,2021",NA
pyrnox1,NA,NA,2017/09/06,NA
pyromp2,NA,NA,2013/09/23,NA
pyrory1,NA,NA,2003/10/31,NA
pyrory2,NA,NA,2019/03/12,NA
pyrory3,NA,NA,2012/08/21,NA
pyrory4,NA,NA,2012/08/21,NA
pyrpen1,NA,NA,2019/03/11,NA
pyrsem1,NA,NA,2013/09/09,NA
pyrsp.1,NA,NA,"Zeiner CA et al.,N/D",NA
pyrsp.2,NA,NA,2019/03/11,NA
pyrsp.3,NA,NA,2021/11/05,NA
pyrter1,NA,NA,"Ellwood SR et al.,N/D",NA
pyrter2,NA,NA,2017/10/11,NA
pyrter3,NA,NA,2010/11/03,NA
pyrtri1,NA,NA,2007/04/10,NA
pyrtri10,NA,NA,2018/06/15,NA
pyrtri11,NA,NA,2018/06/15,NA
pyrtri12,NA,NA,2018/05/25,NA
pyrtri2,NA,NA,2018/06/15,NA
pyrtri4,NA,NA,2019/09/24,NA
pyrtri5,NA,NA,2018/06/15,NA
pyrtri6,NA,NA,2018/05/25,NA
pyrtri8,NA,NA,2018/06/15,NA
pyrtri9,NA,NA,2018/06/15,NA
racant1,NA,NA,2017/04/03,NA
racsp.1,NA,NA,2017/04/03,NA
ramcol1,NA,NA,2017/10/28,NA
ramrub1,NA,NA,"Miyauchi S et al.,2020",NA
raseme1,NA,NA,2015/04/03,NA
rhesp.1,NA,NA,"Mesny F et al.,2021",NA
rhiazy1,NA,NA,2018/07/17,NA
rhicer1,NA,NA,"Morin E et al.,2019",NA
rhicla1,NA,NA,"Kobayashi Y et al.,2018",NA
rhidel1,NA,NA,2005/03/17,NA
rhidel10,NA,NA,2020/03/27,NA
rhidel11,NA,NA,2020/03/27,NA
rhidel12,NA,NA,2020/03/27,NA
rhidel13,NA,NA,2020/03/27,NA
rhidel14,NA,NA,2020/03/27,NA
rhidel2,NA,NA,2020/03/27,NA
rhidel3,NA,NA,2020/03/27,NA
rhidel4,NA,NA,2020/03/27,NA
rhidel5,NA,NA,2020/03/27,NA
rhidel6,NA,NA,2020/03/27,NA
rhidel7,NA,NA,2020/03/27,NA
rhidel8,NA,NA,2020/03/27,NA
rhidel9,NA,NA,2020/03/27,NA
rhidia1,NA,NA,"Morin E et al.,2019",NA
rhieri1,NA,NA,"Martino E et al.,2018",NA
rhiglo1,NA,NA,"Mondo SJ et al.,2017",NA
rhiirr10,NA,NA,2013/07/17,NA
rhiirr12,NA,NA,2017/11/20,NA
rhiirr2,NA,NA,"Chen ECH et al.,2018",NA
rhiirr3,NA,NA,"Chen ECH et al.,2018",NA
rhiirr4,NA,NA,"Chen ECH et al.,2018",NA
rhiirr5,NA,NA,"Chen ECH et al.,2018",NA
rhiirr6,NA,NA,"Chen ECH et al.,2018",NA
rhiirr7,NA,NA,"Tisserant E et al.,2013",NA
rhiirr8,NA,NA,"Chen ECH et al.,2018",NA
rhilig1,NA,NA,"Haridas S et al.,2020",NA
rhimac1,NA,NA,"Moreno LF et al.,2018",NA
rhimic2,NA,NA,"Lastovetsky OA et al.,2016",NA
rhimic3,NA,NA,"Wang D et al.,2013",NA
rhimic4,NA,NA,"Mondo SJ et al.,2017",NA
rhimic5,NA,NA,"Lastovetsky OA et al.,2016",NA
rhimic6,NA,NA,2017/10/23,NA
rhimic7,NA,NA,2017/04/07,NA
rhiory1,NA,NA,2020/03/31,NA
rhiory10,NA,NA,2020/03/31,NA
rhiory11,NA,NA,2020/04/03,NA
rhiory12,NA,NA,2020/03/31,NA
rhiory13,NA,NA,2020/03/31,NA
rhiory14,NA,NA,2020/03/31,NA
rhiory15,NA,NA,2020/03/27,NA
rhiory16,NA,NA,2020/04/03,NA
rhiory17,NA,NA,2020/04/03,NA
rhiory18,NA,NA,2020/03/27,NA
rhiory19,NA,NA,2020/03/31,NA
rhiory2,NA,NA,2020/03/31,NA
rhiory20,NA,NA,2020/03/31,NA
rhiory21,NA,NA,2020/03/27,NA
rhiory22,NA,NA,2020/03/31,NA
rhiory23,NA,NA,2020/03/31,NA
rhiory24,NA,NA,2020/03/27,NA
rhiory25,NA,NA,2020/03/27,NA
rhiory26,NA,NA,2020/04/03,NA
rhiory27,NA,NA,2020/03/31,NA
rhiory28,NA,NA,2020/04/03,NA
rhiory29,NA,NA,2020/03/31,NA
rhiory3,NA,NA,2020/03/31,NA
rhiory30,NA,NA,2020/03/31,NA
rhiory31,NA,NA,2020/04/03,NA
rhiory32,NA,NA,2020/03/27,NA
rhiory33,NA,NA,2020/03/27,NA
rhiory34,NA,NA,2020/03/27,NA
rhiory35,NA,NA,2020/03/27,NA
rhiory36,NA,NA,2020/03/27,NA
rhiory37,NA,NA,2020/03/27,NA
rhiory38,NA,NA,2020/03/27,NA
rhiory39,NA,NA,2020/03/27,NA
rhiory4,NA,NA,2020/04/03,NA
rhiory5,NA,NA,2020/03/31,NA
rhiory6,NA,NA,2020/03/31,NA
rhiory7,NA,NA,2020/03/31,NA
rhiory8,NA,NA,2020/04/03,NA
rhiory9,NA,NA,2020/03/31,NA
rhisol2,NA,NA,"Cubeta MA et al.,2014",NA
rhisol3,NA,NA,"Wibberg D et al.,2013",NA
rhisol4,NA,NA,"Hane JK et al.,2014",NA
rhisol5,NA,NA,2013/01/28,NA
rhisol6,NA,NA,2014/06/27,NA
rhisp.1,NA,NA,2018/08/30,NA
rhisto1,NA,NA,2018/07/17,NA
rhives1,NA,NA,"Mujic AB et al.,2017",NA
rhivin1,NA,NA,"Mujic AB et al.,2017",NA
rhobut2,NA,NA,"Ruiz-Dueñas FJ et al.,2020",NA
rhodio2,NA,NA,2019/06/18,NA
rhoglu1,NA,NA,"Paul D et al.,2014",NA
rhogra1,NA,NA,"Firrincieli A et al.,N/D",NA
rhogra2,NA,NA,2015/10/14,NA
rhoros1,NA,NA,"Hage H et al.,2021",NA
rhosp.1,NA,NA,"Goordial J et al.,2016",NA
rhosp.2,NA,NA,2019/05/02,NA
rhotai1,NA,NA,"Tkavc R et al.,N/D",NA
rhotor1,NA,NA,"Coradetti ST et al.,2018",NA
rhotor10,NA,NA,2014/06/05,NA
rhotor11,NA,NA,2011/07/20,NA
rhotor4,NA,NA,"Zhang S et al.,2016",NA
rhotor5,NA,NA,"Zhu Z et al.,N/D",NA
rhotor6,NA,NA,"Zhang S et al.,2016",NA
rhotor7,NA,NA,2012/10/30,NA
rhotor8,NA,NA,2015/05/06,NA
rhotor9,NA,NA,2019/07/19,NA
rhyagr1,NA,NA,"Penselin D et al.,2016",NA
rhycom1,NA,NA,"Penselin D et al.,2016",NA
rhyruf1,NA,NA,"Ohm RA et al.,N/D",NA
rhysec1,NA,NA,"Penselin D et al.,2016",NA
ricfib1,NA,NA,"Korotkin HB et al.,2018",NA
ricmel1,NA,NA,"Krizsán K et al.,2019",NA
rigmic1,NA,NA,"Oghenekaro AO et al.,2020",NA
rosnec1,NA,NA,"Shimizu T et al.,2018",NA
roster1,NA,NA,"Franco MEE et al.,2021",NA
rozall1,NA,NA,"Ahrendt SR et al.,2018",NA
rozall2,NA,NA,"James TY et al.,2013",NA
rusbre1,NA,NA,"Looney B et al.,2021",NA
ruscom1,NA,NA,"Looney B et al.,2021",NA
rusdis1,NA,NA,"Looney B et al.,2021",NA
rusear1,NA,NA,"Looney B et al.,2021",NA
ruseme1,NA,NA,"Miyauchi S et al.,2020",NA
rusoch1,NA,NA,"Miyauchi S et al.,2020",NA
rusrug1,NA,NA,"Looney B et al.,2021",NA
rusvin1,NA,NA,"Looney B et al.,2021",NA
rutsp.1,NA,NA,2018/02/26,NA
rutsp.2,NA,NA,2018/02/26,NA
rutsp.3,NA,NA,2018/02/26,NA
sacarb1,NA,NA,"Liti G et al.,2013",NA
sacbou1,NA,NA,"Khatri I et al.,2017",NA
sacbou2,NA,NA,2015/08/20,NA
saccap1,NA,NA,"Krassowski T et al.,2018",NA
saccer10,NA,NA,2011/09/22,NA
saccer100,NA,NA,2015/02/24,NA
saccer101,NA,NA,2015/02/24,NA
saccer102,NA,NA,2015/02/23,NA
saccer103,NA,NA,2015/02/24,NA
saccer104,NA,NA,2011/12/23,NA
saccer105,NA,NA,2011/02/11,NA
saccer106,NA,NA,2011/02/11,NA
saccer107,NA,NA,2011/02/11,NA
saccer108,NA,NA,2011/02/11,NA
saccer109,NA,NA,2011/02/11,NA
saccer11,NA,NA,2015/02/24,NA
saccer110,NA,NA,2011/02/11,NA
saccer111,NA,NA,2005/03/16,NA
saccer112,NA,NA,2008/09/30,NA
saccer113,NA,NA,2009/08/20,NA
saccer114,NA,NA,2005/01/06,NA
saccer115,NA,NA,2012/06/18,NA
saccer116,NA,NA,2013/12/31,NA
saccer117,NA,NA,2013/12/31,NA
saccer118,NA,NA,2013/12/31,NA
saccer119,NA,NA,2013/12/31,NA
saccer12,NA,NA,2015/02/23,NA
saccer120,NA,NA,2010/03/10,NA
saccer121,NA,NA,2021/03/05,NA
saccer13,NA,NA,2015/02/23,NA
saccer14,NA,NA,2015/02/24,NA
saccer15,NA,NA,2015/02/24,NA
saccer16,NA,NA,2015/02/23,NA
saccer17,NA,NA,2015/02/23,NA
saccer18,NA,NA,2015/02/23,NA
saccer19,NA,NA,2015/02/23,NA
saccer2,NA,NA,"Brown SD et al.,2013",NA
saccer20,NA,NA,2015/02/23,NA
saccer21,NA,NA,2015/02/24,NA
saccer22,NA,NA,2015/02/23,NA
saccer23,NA,NA,2015/02/24,NA
saccer24,NA,NA,2015/02/23,NA
saccer25,NA,NA,2015/02/24,NA
saccer26,NA,NA,2015/02/23,NA
saccer27,NA,NA,2015/02/23,NA
saccer28,NA,NA,2015/02/24,NA
saccer29,NA,NA,2014/05/01,NA
saccer3,NA,NA,"Brown SD et al.,2013",NA
saccer30,NA,NA,2015/02/23,NA
saccer31,NA,NA,2015/02/23,NA
saccer32,NA,NA,2015/02/23,NA
saccer33,NA,NA,2015/02/24,NA
saccer34,NA,NA,2015/02/23,NA
saccer35,NA,NA,2015/02/23,NA
saccer36,NA,NA,2015/02/24,NA
saccer37,NA,NA,2015/02/23,NA
saccer38,NA,NA,2015/02/23,NA
saccer39,NA,NA,2015/02/23,NA
saccer4,NA,NA,"Brown SD et al.,2013",NA
saccer40,NA,NA,2015/02/24,NA
saccer41,NA,NA,2015/02/24,NA
saccer42,NA,NA,2015/02/24,NA
saccer43,NA,NA,2015/02/23,NA
saccer44,NA,NA,2015/02/24,NA
saccer45,NA,NA,2015/02/24,NA
saccer46,NA,NA,2015/02/23,NA
saccer47,NA,NA,2015/02/24,NA
saccer48,NA,NA,2015/02/23,NA
saccer49,NA,NA,2015/02/23,NA
saccer5,NA,NA,"Brown SD et al.,2013",NA
saccer50,NA,NA,2015/02/24,NA
saccer51,NA,NA,2015/02/24,NA
saccer52,NA,NA,2015/02/23,NA
saccer53,NA,NA,2015/02/24,NA
saccer54,NA,NA,2015/02/24,NA
saccer55,NA,NA,2015/02/23,NA
saccer56,NA,NA,2015/02/24,NA
saccer57,NA,NA,2015/02/23,NA
saccer58,NA,NA,2015/02/24,NA
saccer59,NA,NA,2015/02/23,NA
saccer6,NA,NA,"Brown SD et al.,2013",NA
saccer60,NA,NA,2015/02/23,NA
saccer61,NA,NA,2015/02/24,NA
saccer62,NA,NA,2015/02/23,NA
saccer63,NA,NA,2015/02/24,NA
saccer64,NA,NA,2015/02/23,NA
saccer65,NA,NA,2015/02/24,NA
saccer66,NA,NA,2015/02/23,NA
saccer67,NA,NA,2015/02/23,NA
saccer68,NA,NA,2015/02/25,NA
saccer69,NA,NA,2015/02/23,NA
saccer7,NA,NA,"Goffeau A et al.,1996",NA
saccer70,NA,NA,2015/02/23,NA
saccer71,NA,NA,2015/02/24,NA
saccer72,NA,NA,2015/02/23,NA
saccer73,NA,NA,2015/02/23,NA
saccer74,NA,NA,2015/02/24,NA
saccer75,NA,NA,2015/02/23,NA
saccer76,NA,NA,2015/02/23,NA
saccer77,NA,NA,2015/02/23,NA
saccer78,NA,NA,2015/02/23,NA
saccer79,NA,NA,2015/02/23,NA
saccer80,NA,NA,2015/02/24,NA
saccer81,NA,NA,2015/02/24,NA
saccer82,NA,NA,2015/02/24,NA
saccer83,NA,NA,2015/02/24,NA
saccer84,NA,NA,2015/02/23,NA
saccer85,NA,NA,2015/02/24,NA
saccer86,NA,NA,2015/02/24,NA
saccer87,NA,NA,2015/02/23,NA
saccer88,NA,NA,2015/02/23,NA
saccer89,NA,NA,2015/02/24,NA
saccer90,NA,NA,2015/02/23,NA
saccer91,NA,NA,2015/02/23,NA
saccer92,NA,NA,2015/02/23,NA
saccer93,NA,NA,2015/02/24,NA
saccer94,NA,NA,2015/02/23,NA
saccer95,NA,NA,2015/02/23,NA
saccer96,NA,NA,2015/02/23,NA
saccer97,NA,NA,2015/02/24,NA
saccer98,NA,NA,2015/02/24,NA
saccer99,NA,NA,2015/02/24,NA
saceub1,NA,NA,"Baker E et al.,2015",NA
sackud1,NA,NA,2003/05/22,NA
saclud1,NA,NA,2018/09/05,NA
sacpar1,NA,NA,2017/03/21,NA
sacpas1,NA,NA,2020/02/26,NA
sacpro1,NA,NA,"Haridas S et al.,2020",NA
sacsp.1,NA,NA,"Dietrich FS et al.,2013",NA
saicom1,NA,NA,"Riley R et al.,2016",NA
saipod1,NA,NA,2018/12/12,NA
saisp.1,NA,NA,2016/03/01,NA
sakvas1,NA,NA,"Chibucos MC et al.,2016",NA
sanbau1,NA,NA,2015/12/22,NA
saping1,NA,NA,2019/09/19,NA
satdis1,NA,NA,"Krassowski T et al.,2018",NA
sceapi1,NA,NA,"Vandeputte P et al.,2014",NA
schcom6,NA,NA,"Ohm RA et al.,2010",NA
schcry1,NA,NA,"Rhind N et al.,2011",NA
schjap1,NA,NA,"Rhind N et al.,2011",NA
schoct1,NA,NA,"Rhind N et al.,2011",NA
schpar1,NA,NA,"Min B et al.,2015",NA
schpom1,NA,NA,"Wood V et al.,2002~Wood V et al.,2012",NA
schspa1,NA,NA,2021/06/28,NA
schsti2,NA,NA,2007/02/23,NA
sclbor1,NA,NA,"Mardanov AV et al.,2014",NA
sclcep1,NA,NA,2020/10/20,NA
sclcit2,NA,NA,"Kohler A et al.,2015",NA
sclscl1,NA,NA,2016/10/31,NA
scltri1,NA,NA,2020/11/18,NA
scylig1,NA,NA,2017/12/06,NA
scysp.2,NA,NA,2014/08/26,NA
sebver1,NA,NA,"Kohler A et al.,2015",NA
sepmus1,NA,NA,"Ohm RA et al.,N/D~Dhillon B et al.,2015",NA
seppop1,NA,NA,"Ohm RA et al.,N/D~Dhillon B et al.,2015",NA
serhim1,NA,NA,"Balasundaram SV et al.,2018",NA
serind2,NA,NA,2021/07/18,NA
serlac1,NA,NA,"Eastwood DC et al.,2011",NA
serlac2,NA,NA,2011/06/16,NA
serlac3,NA,NA,2011/06/16,NA
sersp.3,NA,NA,2021/08/16,NA
sersp.4,NA,NA,2021/08/16,NA
sersp.5,NA,NA,2021/08/16,NA
sersp.6,NA,NA,2021/08/16,NA
sersp.7,NA,NA,2021/08/16,NA
sersp.8,NA,NA,2021/08/16,NA
sersp.9,NA,NA,2021/08/16,NA
server2,NA,NA,2018/04/27,NA
server3,NA,NA,2015/01/21,NA
sethol1,NA,NA,"Haridas S et al.,2020",NA
settur2,NA,NA,"Ohm RA et al.,N/D~Condon BJ et al.,N/D",NA
sisniv1,NA,NA,"Nagy LG et al.,2016",NA
sisniv2,NA,NA,2016/04/25,NA
sissp.1,NA,NA,"Miyauchi S et al.,2020",NA
sissue1,NA,NA,2016/04/26,NA
smiang1,NA,NA,2018/05/08,NA
smicul1,NA,NA,"Wang Y et al.,2016",NA
smicul2,NA,NA,"Wang Y et al.,2016",NA
smimeg1,NA,NA,2018/05/03,NA
smimuc1,NA,NA,"Wang Y et al.,2016",NA
smisim1,NA,NA,2018/05/03,NA
sodalk1,NA,NA,2018/11/05,NA
sorhum1,NA,NA,"Mesny F et al.,2021",NA
sormac1,NA,NA,"Nowrousian M et al.,2010",NA
sorsp.1,NA,NA,2021/11/08,NA
spacri1,NA,NA,2018/11/07,NA
spapas1,NA,NA,2011/08/16,NA
spasp.1,NA,NA,2018/10/23,NA
sphbru1,NA,NA,"Benucci GMN et al.,2019",NA
sphmur1,NA,NA,2018/01/23,NA
sphmus1,NA,NA,2012/10/02,NA
sphpal1,NA,NA,2021/05/05,NA
sphste1,NA,NA,2015/01/21,NA
spipun1,NA,NA,"Russ C et al.,2016",NA
spisp.1,NA,NA,2019/07/01,NA
spobra1,NA,NA,"Teixeira MM et al.,2014",NA
spofim1,NA,NA,2020/01/31,NA
spogra2,NA,NA,2019/05/17,NA
spoins1,NA,NA,"Shang Y et al.,2016",NA
sporei1,NA,NA,"Schirawski J et al.,2010",NA
sporei2,NA,NA,2018/02/08,NA
sposal1,NA,NA,2015/04/21,NA
sposch1,NA,NA,"Teixeira MM et al.,2014",NA
sposch2,NA,NA,2013/10/18,NA
sposci1,NA,NA,2016/03/08,NA
sposci2,NA,NA,2015/05/20,NA
sprlop1,NA,NA,"Campbell SE et al.,N/D",NA
stacha1,NA,NA,"Semeiks J et al.,2014",NA
stacha2,NA,NA,2014/07/21,NA
stacha3,NA,NA,2014/07/16,NA
stachl1,NA,NA,"Semeiks J et al.,2014",NA
staele1,NA,NA,"Mesny F et al.,2021",NA
stalon1,NA,NA,2021/07/02,NA
stanod1,NA,NA,"Hane JK et al.,2007",NA
stasp.1,NA,NA,"Zeiner CA et al.,N/D",NA
stehir1,NA,NA,"Floudas D et al.,2012",NA
stelyc1,NA,NA,"Franco ME et al.,2015",NA
steoch1,NA,NA,2019/03/08,NA
stynor1,NA,NA,2020/09/17,NA
suglig1,NA,NA,2016/05/06,NA
suhtan1,NA,NA,2016/06/10,NA
suiame1,NA,NA,"Lofgren LA et al.,2021",NA
suiamp1,NA,NA,"Lofgren LA et al.,2021",NA
suibov1,NA,NA,"Lofgren LA et al.,2021",NA
suibre1,NA,NA,"Branco S et al.,2015",NA
suicf.3,NA,NA,"Lofgren LA et al.,2021",NA
suicli1,NA,NA,"Lofgren LA et al.,2021",NA
suicot1,NA,NA,"Lofgren LA et al.,2021",NA
suidec1,NA,NA,"Lofgren LA et al.,2021",NA
suidis1,NA,NA,"Lofgren LA et al.,2021",NA
suifus1,NA,NA,"Lofgren LA et al.,2021",NA
suihir1,NA,NA,"Lofgren LA et al.,2021",NA
suilak1,NA,NA,"Lofgren LA et al.,2021",NA
suilut1,NA,NA,"Kohler A et al.,2015",NA
suiocc1,NA,NA,"Lofgren LA et al.,2021",NA
suipal1,NA,NA,"Lofgren LA et al.,2021",NA
suipla2,NA,NA,"Lofgren LA et al.,2021",NA
suiplo1,NA,NA,"Lofgren LA et al.,2021",NA
suispr1,NA,NA,"Lofgren LA et al.,2021",NA
suisub1,NA,NA,"Lofgren LA et al.,2021",NA
suisub2,NA,NA,"Lofgren LA et al.,2021",NA
suisub3,NA,NA,2021/01/15,NA
suitom1,NA,NA,"Lofgren LA et al.,2021",NA
suivar1,NA,NA,"Lofgren LA et al.,2021",NA
suiwea1,NA,NA,"Lofgren LA et al.,2021",NA
synend1,NA,NA,2019/07/01,NA
synend2,NA,NA,2019/07/01,NA
synmic1,NA,NA,2019/07/01,NA
synpse1,NA,NA,"Ahrendt SR et al.,2018",NA
synrac1,NA,NA,"Mondo SJ et al.,2017",NA
talame1,NA,NA,2016/12/09,NA
talatr1,NA,NA,"Thrane U et al.,2017",NA
talbor1,NA,NA,"Varriale S et al.,2018",NA
talcel1,NA,NA,2015/01/06,NA
talisl1,NA,NA,"Schafhauser T et al.,2015",NA
talmar1,NA,NA,"Nierman WC et al.,2015",NA
talmar2,NA,NA,2014/09/08,NA
talpin1,NA,NA,2020/03/17,NA
talrug1,NA,NA,2020/06/23,NA
talsti1,NA,NA,"Nierman WC et al.,2015",NA
talver1,NA,NA,2015/10/01,NA
tapdef1,NA,NA,2012/11/05,NA
tepran1,NA,NA,2021/06/11,NA
tepsp.1,NA,NA,2021/06/11,NA
terbou1,NA,NA,"Murat C et al.,2018",NA
tercla1,NA,NA,"Miyauchi S et al.,2020~Marqués-Gálvez JE et al.,2021",NA
tercry1,NA,NA,2021/09/22,NA
ternub1,NA,NA,"Haridas S et al.,2020",NA
tersp.3,NA,NA,"Poulsen M et al.,2014",NA
tersp.4,NA,NA,2021/03/29,NA
tersp.5,NA,NA,2021/06/11,NA
tersp.6,NA,NA,2021/06/11,NA
tersp.7,NA,NA,2021/06/11,NA
tersp.8,NA,NA,2021/05/06,NA
tersp.9,NA,NA,2021/05/06,NA
tescyp1,NA,NA,"Kijpornyongpan T et al.,2018",NA
tetbla1,NA,NA,"Gordon JL et al.,2011",NA
tetnig1,NA,NA,2020/06/23,NA
tetpha1,NA,NA,"Gordon JL et al.,2011",NA
thacuc1,NA,NA,"Mesny F et al.,2021",NA
thasph1,NA,NA,"Ahrendt SR et al.,2018",NA
thecon1,NA,NA,2020/09/30,NA
thegan1,NA,NA,"Miyauchi S et al.,2020",NA
thelan1,NA,NA,"McHunu NP et al.,2013",NA
theter1,NA,NA,"Miyauchi S et al.,2020",NA
theter2,NA,NA,2011/09/16,NA
theter3,NA,NA,2019/01/10,NA
thethe1,NA,NA,2011/09/16,NA
thipun1,NA,NA,"Wingfield BD et al.,2015",NA
thiter1,NA,NA,"Berka RM et al.,2011",NA
tilano1,NA,NA,"Toome M et al.,2014",NA
tilcar1,NA,NA,"Nguyen HDT et al.,N/D",NA
tilcon1,NA,NA,"Nguyen HDT et al.,N/D",NA
tilind1,NA,NA,"Nguyen HDT et al.,N/D",NA
tillae1,NA,NA,2019/10/30,NA
tillae2,NA,NA,2019/10/30,NA
tilwal1,NA,NA,"Nguyen HDT et al.,N/D",NA
tilwas1,NA,NA,"Kijpornyongpan T et al.,2018",NA
tirniv1,NA,NA,"Miyauchi S et al.,2020~Marqués-Gálvez JE et al.,2021",NA
tolcap1,NA,NA,"Quandt CA et al.,2018",NA
tolinf1,NA,NA,"Bushley KE et al.,2013",NA
toloph1,NA,NA,"Quandt CA et al.,2015",NA
tolpar1,NA,NA,"Quandt CA et al.,2018",NA
torcas1,NA,NA,"Riley R et al.,2016",NA
torcas2,NA,NA,2016/06/10,NA
tordel1,NA,NA,"Gordon JL et al.,2011",NA
torglo1,NA,NA,2020/08/10,NA
torhem1,NA,NA,"Horn F et al.,2015",NA
torsp.1,NA,NA,2020/07/26,NA
totfus1,NA,NA,"Haridas S et al.,2020",NA
trabet1,NA,NA,"Hage H et al.,2021",NA
tracer1,NA,NA,"Hage H et al.,2021",NA
tracin1,NA,NA,"Hage H et al.,2021",NA
tracin2,NA,NA,2014/06/04,NA
tracoc1,NA,NA,2017/04/14,NA
tragib1,NA,NA,"Hage H et al.,2021",NA
trahom1,NA,NA,"Heinz E et al.,N/D~Watson AK et al.,2015",NA
tralju1,NA,NA,"Hage H et al.,2021",NA
tramax1,NA,NA,"Hage H et al.,2021",NA
tramey1,NA,NA,"Hage H et al.,2021",NA
trapol1,NA,NA,"Hage H et al.,2021",NA
trapub1,NA,NA,2016/12/09,NA
traver1,NA,NA,2012/06/21,NA
tremes1,NA,NA,2012/06/21,NA
tremes2,NA,NA,2019/01/29,NA
treper1,NA,NA,"Haridas S et al.,2020",NA
tresp.1,NA,NA,2021/03/17,NA
triaru1,NA,NA,"Proctor RH et al.,2018",NA
triasa1,NA,NA,"Yang R et al.,2003",NA
triasa2,NA,NA,"Yang RY et al.,2012",NA
triasp1,NA,NA,"Kubicek CP et al.,2019",NA
triasp2,NA,NA,"Druzhinina IS et al.,2018",NA
triatr4,NA,NA,"Fanelli F et al.,2018",NA
triatr5,NA,NA,2007/07/17,NA
triben2,NA,NA,2016/07/12,NA
tribis1,NA,NA,"Haridas S et al.,2020",NA
tribre1,NA,NA,"Proctor RH et al.,2018",NA
tricif1,NA,NA,2019/09/26,NA
tricit1,NA,NA,"Druzhinina IS et al.,2018",NA
tricon1,NA,NA,2020/06/23,NA
tricor1,NA,NA,2021/10/26,NA
triequ1,NA,NA,"Martinez DA et al.,N/D",NA
trifur1,NA,NA,2021/06/11,NA
trigam1,NA,NA,"Baroncelli R et al.,2016",NA
trigra1,NA,NA,2021/09/15,NA
trigri1,NA,NA,"Steindorff AS et al.,2021",NA
trigui1,NA,NA,"Druzhinina IS et al.,2018",NA
triham1,NA,NA,"Studholme DJ et al.,N/D",NA
trihar3,NA,NA,"Kubicek CP et al.,2019~Steindorff AS et al.,2014",NA
trihar4,NA,NA,"Druzhinina IS et al.,2018",NA
trihir1,NA,NA,2021/09/21,NA
trihyb1,NA,NA,"Miyauchi S et al.,2020",NA
triint1,NA,NA,"Persinoti GF et al.,2018",NA
triint2,NA,NA,2014/04/02,NA
trilen1,NA,NA,2020/03/06,NA
trilon2,NA,NA,"Druzhinina IS et al.,2018",NA
trimat1,NA,NA,"Miyauchi S et al.,2020",NA
trimen1,NA,NA,"Alshahni MM et al.,2018",NA
triole1,NA,NA,"Kourist R et al.,2015",NA
tripar2,NA,NA,"Yang D et al.,2015",NA
triple1,NA,NA,"Marik T et al.,2017",NA
triree1,NA,NA,"Li WC et al.,N/D~Martinez D et al.,2008",NA
triree2,NA,NA,"Jourdier E et al.,N/D",NA
triree3,NA,NA,"Li WC et al.,2021~Li WC et al.,2020",NA
triree4,NA,NA,"Li WC et al.,2021~Li WC et al.,2020",NA
trirub1,NA,NA,"Martinez DA et al.,N/D",NA
trirub10,NA,NA,2014/04/02,NA
trirub2,NA,NA,2014/04/02,NA
trirub3,NA,NA,2014/04/02,NA
trirub4,NA,NA,2014/04/02,NA
trirub5,NA,NA,2014/04/02,NA
trirub6,NA,NA,2014/04/02,NA
trirub7,NA,NA,2014/04/02,NA
trirub8,NA,NA,2014/04/02,NA
trirub9,NA,NA,2014/04/02,NA
trisem1,NA,NA,2021/09/20,NA
trisim1,NA,NA,2021/08/11,NA
trisou1,NA,NA,"Persinoti GF et al.,2018",NA
triton1,NA,NA,"Martinez DA et al.,N/D",NA
triver1,NA,NA,"Burmester A et al.,N/D",NA
trivio1,NA,NA,"Zhan P et al.,2017",NA
trivir1,NA,NA,2007/07/17,NA
truang1,NA,NA,"Mesny F et al.,2021",NA
tubaes1,NA,NA,"Murat C et al.,2018",NA
tubbor1,NA,NA,"Murat C et al.,2018",NA
tubbru1,NA,NA,"Morin E et al.,2021",NA
tubind1,NA,NA,"Morin E et al.,2021",NA
tubmag1,NA,NA,"Murat C et al.,2018",NA
tubmel2,NA,NA,"Martin F et al.,2010~Murat C et al.,2018",NA
tubrat1,NA,NA,2019/01/08,NA
tulcal2,NA,NA,"Kohler A et al.,2015",NA
tulcal4,NA,NA,2015/01/21,NA
tulsp.10,NA,NA,2021/08/16,NA
tulsp.11,NA,NA,2021/08/16,NA
tulsp.12,NA,NA,2021/08/16,NA
tulsp.13,NA,NA,2021/08/16,NA
tulsp.14,NA,NA,2021/08/16,NA
tulsp.15,NA,NA,2021/08/16,NA
tulsp.3,NA,NA,2021/08/16,NA
tulsp.4,NA,NA,2021/08/16,NA
tulsp.5,NA,NA,2021/08/16,NA
tulsp.6,NA,NA,2021/08/16,NA
tulsp.7,NA,NA,2021/08/16,NA
tulsp.8,NA,NA,2021/08/16,NA
tulsp.9,NA,NA,2021/08/16,NA
umbpus1,NA,NA,"Dal Grande F et al.,2017",NA
umbvin1,NA,NA,2021/01/27,NA
uncree1,NA,NA,"Sharpton TJ et al.,2009",NA
uncree2,NA,NA,2005/09/13,NA
ustbro1,NA,NA,"Rabe F et al.,2016",NA
usthor1,NA,NA,"Laurie JD et al.,2012",NA
ustmay1,NA,NA,2003/07/29,NA
ustsha1,NA,NA,2021/07/14,NA
ustsp.1,NA,NA,2021/02/22,NA
ustsp.2,NA,NA,2021/02/22,NA
usttri1,NA,NA,2019/08/23,NA
ustvir1,NA,NA,"Kumagai T et al.,2016",NA
valmal2,NA,NA,2018/11/19,NA
valmal3,NA,NA,"Yin Z et al.,2015",NA
valmal4,NA,NA,2015/01/02,NA
valsor1,NA,NA,2018/11/19,NA
vanhum1,NA,NA,2019/08/22,NA
vanpol1,NA,NA,"Scannell DR et al.,2007",NA
varmin1,NA,NA,"Looney B et al.,2021",NA
vavcul1,NA,NA,"Desjardins CA et al.,2015",NA
venech1,NA,NA,2018/08/03,NA
veneff1,NA,NA,"Winter DJ et al.,2020",NA
venina1,NA,NA,"Deng CH et al.,2017",NA
vennas1,NA,NA,2019/03/29,NA
vennas2,NA,NA,2019/03/29,NA
venpir1,NA,NA,"Deng CH et al.,2017~Cooke IR et al.,2014",NA
veralf1,NA,NA,"Klosterman SJ et al.,2011",NA
verdah2,NA,NA,"Klosterman SJ et al.,2011",NA
verdah3,NA,NA,"Mesny F et al.,2021",NA
verdah4,NA,NA,2020/02/24,NA
verdah5,NA,NA,2020/02/24,NA
verena1,NA,NA,"Haridas S et al.,2020",NA
vergal1,NA,NA,"Teixeira MM et al.,2017",NA
verlon1,NA,NA,"Fogelqvist J et al.,2018",NA
vernon1,NA,NA,2018/11/13,NA
viopal1,NA,NA,"Kijpornyongpan T et al.,2018~Albu S et al.,2015",NA
virvir1,NA,NA,"Haridas S et al.,2020",NA
vitcor1,NA,NA,"Cuomo CA et al.,2012",NA
volvol2,NA,NA,2016/07/22,NA
walhed1,NA,NA,2019/04/26,NA
walich1,NA,NA,"Zajc J et al.,2013",NA
walmel1,NA,NA,2012/03/15,NA
wesorn1,NA,NA,"Haridas S et al.,2020",NA
whamic1,NA,NA,"Franco MEE et al.,2021",NA
wicano1,NA,NA,"Riley R et al.,2016",NA
wiccif1,NA,NA,2012/09/13,NA
wicmuc1,NA,NA,2021/10/20,NA
wicpij1,NA,NA,2021/10/20,NA
wicsor1,NA,NA,"Lee H et al.,N/D",NA
wilmik1,NA,NA,"Miyauchi S et al.,2020",NA
wolcoc1,NA,NA,"Floudas D et al.,2012",NA
xerbad1,NA,NA,"Miyauchi S et al.,2020",NA
xylacu1,NA,NA,"Franco MEE et al.,2021",NA
xylarb1,NA,NA,"Franco MEE et al.,2021",NA
xylarb2,NA,NA,"Franco MEE et al.,2021",NA
xylbam1,NA,NA,"Franco MEE et al.,2021",NA
xylcf.1,NA,NA,"Franco MEE et al.,2021",NA
xylcf.2,NA,NA,"Franco MEE et al.,2021",NA
xylcub1,NA,NA,"Franco MEE et al.,2021",NA
xylcur2,NA,NA,"Franco MEE et al.,2021",NA
xyldig1,NA,NA,"Franco MEE et al.,2021",NA
xylfla1,NA,NA,"Franco MEE et al.,2021",NA
xylgra1,NA,NA,"Franco MEE et al.,2021",NA
xylhev1,NA,NA,"Gazis R et al.,2016",NA
xylint1,NA,NA,"Franco MEE et al.,2021",NA
xyllon1,NA,NA,"Franco MEE et al.,2021",NA
xylmul1,NA,NA,2020/03/02,NA
xylnig1,NA,NA,"Franco MEE et al.,2021",NA
xylpal1,NA,NA,"Franco MEE et al.,2021",NA
xylscr1,NA,NA,"Franco MEE et al.,2021",NA
xylsp.10,NA,NA,"Franco MEE et al.,2021",NA
xylsp.11,NA,NA,"Franco MEE et al.,2021",NA
xylsp.12,NA,NA,"Franco MEE et al.,2021",NA
xylsp.13,NA,NA,"Franco MEE et al.,2021",NA
xylsp.14,NA,NA,"Franco MEE et al.,2021",NA
xylsp.15,NA,NA,"Franco MEE et al.,2021",NA
xylsp.16,NA,NA,"Franco MEE et al.,2021",NA
xylsp.17,NA,NA,"Franco MEE et al.,2021",NA
xylsp.18,NA,NA,"Franco MEE et al.,2021",NA
xylsp.19,NA,NA,"Franco MEE et al.,2021",NA
xylsp.2,NA,NA,"Franco MEE et al.,2021",NA
xylsp.20,NA,NA,"Franco MEE et al.,2021",NA
xylsp.3,NA,NA,"Franco MEE et al.,2021",NA
xylsp.4,NA,NA,"Franco MEE et al.,2021",NA
xylsp.5,NA,NA,"Franco MEE et al.,2021",NA
xylsp.6,NA,NA,"Franco MEE et al.,2021",NA
xylsp.8,NA,NA,"Franco MEE et al.,2021",NA
xylsp.9,NA,NA,"Franco MEE et al.,2021",NA
xyltel1,NA,NA,"Franco MEE et al.,2021",NA
xylven1,NA,NA,"Franco MEE et al.,2021",NA
yamten1,NA,NA,2011/08/16,NA
yarlip10,NA,NA,"Pomraning KR et al.,2018",NA
yarlip11,NA,NA,"Dujon B et al.,2004",NA
yarlip12,NA,NA,2004/07/02,NA
yarlip13,NA,NA,"Walker C et al.,2020",NA
yarlip3,NA,NA,"Walker C et al.,2020",NA
yarlip4,NA,NA,"Magnan C et al.,N/D",NA
yarlip5,NA,NA,"Walker C et al.,2018",NA
yarlip6,NA,NA,"Walker C et al.,2018",NA
yarlip7,NA,NA,"Walker C et al.,2018",NA
yarlip8,NA,NA,"Walker C et al.,2018",NA
yarlip9,NA,NA,"Walker C et al.,2018",NA
yarsp.1,NA,NA,2021/03/30,NA
yarsp.2,NA,NA,2021/03/30,NA
yarsp.3,NA,NA,2021/03/30,NA
zalvar1,NA,NA,"Mesny F et al.,2021",NA
zancul1,NA,NA,"Wang Y et al.,2016",NA
zascel1,NA,NA,"Haridas S et al.,2020",NA
zoprhi1,NA,NA,2020/01/31,NA
zygbai1,NA,NA,2017/06/11,NA
zygbai2,NA,NA,2013/07/10,NA
zygbai3,NA,NA,2014/01/23,NA
zygmel1,NA,NA,2019/04/16,NA
zygmra1,NA,NA,2020/07/12,NA
zygpar1,NA,NA,2017/02/03,NA
zygrou1,NA,NA,"Souciet JL et al.,2009",NA
zymard1,NA,NA,"Stukenbrock EH et al.,2012~Stukenbrock EH et al.,2011",NA
zymbre1,NA,NA,"Grandaubert J et al.,2015",NA
zympse1,NA,NA,"Stukenbrock EH et al.,2012~Stukenbrock EH et al.,2011",NA
zymtri1,NA,NA,2011/06/22,NA
zymtri2,NA,NA,2017/10/31,NA
zymtri3,NA,NA,2017/05/12,NA
zymtri4,NA,NA,2017/06/04,NA
zymtri5,NA,NA,2017/10/31,NA
